Year,Date,x,y,Value
1981,01-01,0.0,0.0,20.7
1981,01-02,0.0,1.0,17.9
1981,01-03,0.0,2.0,18.8
1981,01-04,0.0,3.0,14.6
1981,01-05,0.0,4.0,15.8
1981,01-06,0.0,5.0,15.8
1981,01-07,0.0,6.0,15.8
1981,01-08,0.0,7.0,17.4
1981,01-09,0.0,8.0,21.8
1981,01-10,0.0,9.0,20.0
1981,01-11,0.0,10.0,16.2
1981,01-12,0.0,11.0,13.3
1981,01-13,0.0,12.0,16.7
1981,01-14,0.0,13.0,21.5
1981,01-15,0.0,14.0,25.0
1981,01-16,0.0,15.0,20.7
1981,01-17,0.0,16.0,20.6
1981,01-18,0.0,17.0,24.8
1981,01-19,0.0,18.0,17.7
1981,01-20,0.0,19.0,15.5
1981,01-21,0.0,20.0,18.2
1981,01-22,0.0,21.0,12.1
1981,01-23,0.0,22.0,14.4
1981,01-24,0.0,23.0,16.0
1981,01-25,0.0,24.0,16.5
1981,01-26,0.0,25.0,18.7
1981,01-27,0.0,26.0,19.4
1981,01-28,0.0,27.0,17.2
1981,01-29,0.0,28.0,15.5
1981,01-30,0.0,29.0,15.1
1981,01-31,0.0,30.0,15.4
1981,02-01,0.0,31.0,15.3
1981,02-02,0.0,32.0,18.8
1981,02-03,0.0,33.0,21.9
1981,02-04,0.0,34.0,19.9
1981,02-05,0.0,35.0,16.6
1981,02-06,0.0,36.0,16.8
1981,02-07,0.0,37.0,14.6
1981,02-08,0.0,38.0,17.1
1981,02-09,0.0,39.0,25.0
1981,02-10,0.0,40.0,15.0
1981,02-11,0.0,41.0,13.7
1981,02-12,0.0,42.0,13.9
1981,02-13,0.0,43.0,18.3
1981,02-14,0.0,44.0,22.0
1981,02-15,0.0,45.0,22.1
1981,02-16,0.0,46.0,21.2
1981,02-17,0.0,47.0,18.4
1981,02-18,0.0,48.0,16.6
1981,02-19,0.0,49.0,16.1
1981,02-20,0.0,50.0,15.7
1981,02-21,0.0,51.0,16.6
1981,02-22,0.0,52.0,16.5
1981,02-23,0.0,53.0,14.4
1981,02-24,0.0,54.0,14.4
1981,02-25,0.0,55.0,18.5
1981,02-26,0.0,56.0,16.9
1981,02-27,0.0,57.0,17.5
1981,02-28,0.0,58.0,21.2
1981,03-01,0.0,59.0,17.8
1981,03-02,0.0,60.0,18.6
1981,03-03,0.0,61.0,17.0
1981,03-04,0.0,62.0,16.0
1981,03-05,0.0,63.0,13.3
1981,03-06,0.0,64.0,14.3
1981,03-07,0.0,65.0,11.4
1981,03-08,0.0,66.0,16.3
1981,03-09,0.0,67.0,16.1
1981,03-10,0.0,68.0,11.8
1981,03-11,0.0,69.0,12.2
1981,03-12,0.0,70.0,14.7
1981,03-13,0.0,71.0,11.8
1981,03-14,0.0,72.0,11.3
1981,03-15,0.0,73.0,10.6
1981,03-16,0.0,74.0,11.7
1981,03-17,0.0,75.0,14.2
1981,03-18,0.0,76.0,11.2
1981,03-19,0.0,77.0,16.9
1981,03-20,0.0,78.0,16.7
1981,03-21,0.0,79.0,8.1
1981,03-22,0.0,80.0,8.0
1981,03-23,0.0,81.0,8.8
1981,03-24,0.0,82.0,13.4
1981,03-25,0.0,83.0,10.9
1981,03-26,0.0,84.0,13.4
1981,03-27,0.0,85.0,11.0
1981,03-28,0.0,86.0,15.0
1981,03-29,0.0,87.0,15.7
1981,03-30,0.0,88.0,14.5
1981,03-31,0.0,89.0,15.8
1981,04-01,0.0,90.0,16.7
1981,04-02,0.0,91.0,16.8
1981,04-03,0.0,92.0,17.5
1981,04-04,0.0,93.0,17.1
1981,04-05,0.0,94.0,18.1
1981,04-06,0.0,95.0,16.6
1981,04-07,0.0,96.0,10.0
1981,04-08,0.0,97.0,14.9
1981,04-09,0.0,98.0,15.9
1981,04-10,0.0,99.0,13.0
1981,04-11,0.0,100.0,7.6
1981,04-12,0.0,101.0,11.5
1981,04-13,0.0,102.0,13.5
1981,04-14,0.0,103.0,13.0
1981,04-15,0.0,104.0,13.3
1981,04-16,0.0,105.0,12.1
1981,04-17,0.0,106.0,12.4
1981,04-18,0.0,107.0,13.2
1981,04-19,0.0,108.0,13.8
1981,04-20,0.0,109.0,10.6
1981,04-21,0.0,110.0,9.0
1981,04-22,0.0,111.0,10.0
1981,04-23,0.0,112.0,9.8
1981,04-24,0.0,113.0,11.5
1981,04-25,0.0,114.0,8.9
1981,04-26,0.0,115.0,7.4
1981,04-27,0.0,116.0,9.9
1981,04-28,0.0,117.0,9.3
1981,04-29,0.0,118.0,9.9
1981,04-30,0.0,119.0,7.4
1981,05-01,0.0,120.0,8.6
1981,05-02,0.0,121.0,11.9
1981,05-03,0.0,122.0,14.0
1981,05-04,0.0,123.0,8.6
1981,05-05,0.0,124.0,10.0
1981,05-06,0.0,125.0,13.5
1981,05-07,0.0,126.0,12.0
1981,05-08,0.0,127.0,10.5
1981,05-09,0.0,128.0,10.7
1981,05-10,0.0,129.0,8.1
1981,05-11,0.0,130.0,10.1
1981,05-12,0.0,131.0,10.6
1981,05-13,0.0,132.0,5.3
1981,05-14,0.0,133.0,6.6
1981,05-15,0.0,134.0,8.5
1981,05-16,0.0,135.0,11.2
1981,05-17,0.0,136.0,9.8
1981,05-18,0.0,137.0,5.9
1981,05-19,0.0,138.0,3.2
1981,05-20,0.0,139.0,2.1
1981,05-21,0.0,140.0,3.4
1981,05-22,0.0,141.0,5.4
1981,05-23,0.0,142.0,9.6
1981,05-24,0.0,143.0,11.5
1981,05-25,0.0,144.0,12.3
1981,05-26,0.0,145.0,12.6
1981,05-27,0.0,146.0,11.0
1981,05-28,0.0,147.0,11.2
1981,05-29,0.0,148.0,11.4
1981,05-30,0.0,149.0,11.8
1981,05-31,0.0,150.0,12.8
1981,06-01,0.0,151.0,11.6
1981,06-02,0.0,152.0,10.6
1981,06-03,0.0,153.0,9.8
1981,06-04,0.0,154.0,11.2
1981,06-05,0.0,155.0,5.7
1981,06-06,0.0,156.0,7.1
1981,06-07,0.0,157.0,2.5
1981,06-08,0.0,158.0,3.5
1981,06-09,0.0,159.0,4.6
1981,06-10,0.0,160.0,11.0
1981,06-11,0.0,161.0,5.7
1981,06-12,0.0,162.0,7.7
1981,06-13,0.0,163.0,10.4
1981,06-14,0.0,164.0,11.4
1981,06-15,0.0,165.0,9.2
1981,06-16,0.0,166.0,6.1
1981,06-17,0.0,167.0,2.7
1981,06-18,0.0,168.0,4.3
1981,06-19,0.0,169.0,6.3
1981,06-20,0.0,170.0,3.8
1981,06-21,0.0,171.0,4.4
1981,06-22,0.0,172.0,7.1
1981,06-23,0.0,173.0,4.8
1981,06-24,0.0,174.0,5.8
1981,06-25,0.0,175.0,6.2
1981,06-26,0.0,176.0,7.3
1981,06-27,0.0,177.0,9.2
1981,06-28,0.0,178.0,10.2
1981,06-29,0.0,179.0,9.5
1981,06-30,0.0,180.0,9.5
1981,07-01,0.0,181.0,10.7
1981,07-02,0.0,182.0,10.0
1981,07-03,0.0,183.0,6.5
1981,07-04,0.0,184.0,7.0
1981,07-05,0.0,185.0,7.4
1981,07-06,0.0,186.0,8.1
1981,07-07,0.0,187.0,6.6
1981,07-08,0.0,188.0,8.3
1981,07-09,0.0,189.0,8.9
1981,07-10,0.0,190.0,4.6
1981,07-11,0.0,191.0,6.8
1981,07-12,0.0,192.0,5.7
1981,07-13,0.0,193.0,6.1
1981,07-14,0.0,194.0,7.0
1981,07-15,0.0,195.0,7.2
1981,07-16,0.0,196.0,6.3
1981,07-17,0.0,197.0,8.8
1981,07-18,0.0,198.0,5.0
1981,07-19,0.0,199.0,7.4
1981,07-20,0.0,200.0,10.1
1981,07-21,0.0,201.0,12.0
1981,07-22,0.0,202.0,9.0
1981,07-23,0.0,203.0,8.9
1981,07-24,0.0,204.0,9.8
1981,07-25,0.0,205.0,9.0
1981,07-26,0.0,206.0,9.2
1981,07-27,0.0,207.0,7.7
1981,07-28,0.0,208.0,8.0
1981,07-29,0.0,209.0,6.1
1981,07-30,0.0,210.0,3.5
1981,07-31,0.0,211.0,3.2
1981,08-01,0.0,212.0,5.7
1981,08-02,0.0,213.0,7.7
1981,08-03,0.0,214.0,9.0
1981,08-04,0.0,215.0,10.0
1981,08-05,0.0,216.0,6.2
1981,08-06,0.0,217.0,6.9
1981,08-07,0.0,218.0,6.5
1981,08-08,0.0,219.0,6.8
1981,08-09,0.0,220.0,7.0
1981,08-10,0.0,221.0,5.2
1981,08-11,0.0,222.0,3.0
1981,08-12,0.0,223.0,5.6
1981,08-13,0.0,224.0,7.9
1981,08-14,0.0,225.0,9.0
1981,08-15,0.0,226.0,8.6
1981,08-16,0.0,227.0,10.3
1981,08-17,0.0,228.0,10.5
1981,08-18,0.0,229.0,7.6
1981,08-19,0.0,230.0,9.7
1981,08-20,0.0,231.0,12.5
1981,08-21,0.0,232.0,7.4
1981,08-22,0.0,233.0,7.9
1981,08-23,0.0,234.0,3.9
1981,08-24,0.0,235.0,6.6
1981,08-25,0.0,236.0,4.6
1981,08-26,0.0,237.0,7.0
1981,08-27,0.0,238.0,6.0
1981,08-28,0.0,239.0,5.5
1981,08-29,0.0,240.0,8.1
1981,08-30,0.0,241.0,5.5
1981,08-31,0.0,242.0,6.2
1981,09-01,0.0,243.0,8.0
1981,09-02,0.0,244.0,10.3
1981,09-03,0.0,245.0,9.8
1981,09-04,0.0,246.0,9.6
1981,09-05,0.0,247.0,8.5
1981,09-06,0.0,248.0,7.5
1981,09-07,0.0,249.0,11.2
1981,09-08,0.0,250.0,14.6
1981,09-09,0.0,251.0,11.7
1981,09-10,0.0,252.0,7.8
1981,09-11,0.0,253.0,12.3
1981,09-12,0.0,254.0,10.1
1981,09-13,0.0,255.0,11.5
1981,09-14,0.0,256.0,7.3
1981,09-15,0.0,257.0,10.9
1981,09-16,0.0,258.0,14.1
1981,09-17,0.0,259.0,10.7
1981,09-18,0.0,260.0,16.9
1981,09-19,0.0,261.0,10.5
1981,09-20,0.0,262.0,6.5
1981,09-21,0.0,263.0,11.0
1981,09-22,0.0,264.0,6.3
1981,09-23,0.0,265.0,10.5
1981,09-24,0.0,266.0,7.2
1981,09-25,0.0,267.0,7.6
1981,09-26,0.0,268.0,10.7
1981,09-27,0.0,269.0,7.8
1981,09-28,0.0,270.0,9.6
1981,09-29,0.0,271.0,11.4
1981,09-30,0.0,272.0,12.4
1981,10-01,0.0,273.0,8.9
1981,10-02,0.0,274.0,13.2
1981,10-03,0.0,275.0,8.6
1981,10-04,0.0,276.0,6.2
1981,10-05,0.0,277.0,11.4
1981,10-06,0.0,278.0,13.2
1981,10-07,0.0,279.0,14.3
1981,10-08,0.0,280.0,7.3
1981,10-09,0.0,281.0,12.9
1981,10-10,0.0,282.0,7.8
1981,10-11,0.0,283.0,6.2
1981,10-12,0.0,284.0,5.6
1981,10-13,0.0,285.0,10.0
1981,10-14,0.0,286.0,13.3
1981,10-15,0.0,287.0,8.3
1981,10-16,0.0,288.0,10.2
1981,10-17,0.0,289.0,8.6
1981,10-18,0.0,290.0,7.3
1981,10-19,0.0,291.0,10.4
1981,10-20,0.0,292.0,11.2
1981,10-21,0.0,293.0,13.2
1981,10-22,0.0,294.0,11.4
1981,10-23,0.0,295.0,9.1
1981,10-24,0.0,296.0,6.6
1981,10-25,0.0,297.0,8.4
1981,10-26,0.0,298.0,9.7
1981,10-27,0.0,299.0,13.2
1981,10-28,0.0,300.0,12.5
1981,10-29,0.0,301.0,11.0
1981,10-30,0.0,302.0,11.0
1981,10-31,0.0,303.0,11.7
1981,11-01,0.0,304.0,9.2
1981,11-02,0.0,305.0,11.5
1981,11-03,0.0,306.0,13.6
1981,11-04,0.0,307.0,13.7
1981,11-05,0.0,308.0,10.4
1981,11-06,0.0,309.0,11.5
1981,11-07,0.0,310.0,7.6
1981,11-08,0.0,311.0,9.6
1981,11-09,0.0,312.0,14.2
1981,11-10,0.0,313.0,15.7
1981,11-11,0.0,314.0,10.5
1981,11-12,0.0,315.0,10.5
1981,11-13,0.0,316.0,9.7
1981,11-14,0.0,317.0,9.5
1981,11-15,0.0,318.0,11.3
1981,11-16,0.0,319.0,8.9
1981,11-17,0.0,320.0,9.4
1981,11-18,0.0,321.0,11.9
1981,11-19,0.0,322.0,11.7
1981,11-20,0.0,323.0,13.4
1981,11-21,0.0,324.0,12.6
1981,11-22,0.0,325.0,10.1
1981,11-23,0.0,326.0,15.8
1981,11-24,0.0,327.0,13.6
1981,11-25,0.0,328.0,11.9
1981,11-26,0.0,329.0,9.9
1981,11-27,0.0,330.0,12.6
1981,11-28,0.0,331.0,17.8
1981,11-29,0.0,332.0,15.0
1981,11-30,0.0,333.0,13.6
1981,12-01,0.0,334.0,13.4
1981,12-02,0.0,335.0,10.5
1981,12-03,0.0,336.0,14.2
1981,12-04,0.0,337.0,11.5
1981,12-05,0.0,338.0,13.0
1981,12-06,0.0,339.0,15.0
1981,12-07,0.0,340.0,14.7
1981,12-08,0.0,341.0,12.6
1981,12-09,0.0,342.0,12.5
1981,12-10,0.0,343.0,13.5
1981,12-11,0.0,344.0,14.8
1981,12-12,0.0,345.0,17.2
1981,12-13,0.0,346.0,9.7
1981,12-14,0.0,347.0,12.1
1981,12-15,0.0,348.0,12.8
1981,12-16,0.0,349.0,11.2
1981,12-17,0.0,350.0,16.4
1981,12-18,0.0,351.0,15.6
1981,12-19,0.0,352.0,13.3
1981,12-20,0.0,353.0,11.0
1981,12-21,0.0,354.0,11.1
1981,12-22,0.0,355.0,15.0
1981,12-23,0.0,356.0,12.8
1981,12-24,0.0,357.0,15.0
1981,12-25,0.0,358.0,14.2
1981,12-26,0.0,359.0,14.0
1981,12-27,0.0,360.0,15.5
1981,12-28,0.0,361.0,13.3
1981,12-29,0.0,362.0,15.6
1981,12-30,0.0,363.0,15.2
1981,12-31,0.0,364.0,17.4
1982,01-01,1.0,0.0,17.0
1982,01-02,1.0,1.0,15.0
1982,01-03,1.0,2.0,13.5
1982,01-04,1.0,3.0,15.2
1982,01-05,1.0,4.0,13.0
1982,01-06,1.0,5.0,12.5
1982,01-07,1.0,6.0,14.1
1982,01-08,1.0,7.0,14.8
1982,01-09,1.0,8.0,16.2
1982,01-10,1.0,9.0,15.8
1982,01-11,1.0,10.0,19.1
1982,01-12,1.0,11.0,22.2
1982,01-13,1.0,12.0,15.9
1982,01-14,1.0,13.0,13.0
1982,01-15,1.0,14.0,14.1
1982,01-16,1.0,15.0,15.8
1982,01-17,1.0,16.0,24.0
1982,01-18,1.0,17.0,18.0
1982,01-19,1.0,18.0,19.7
1982,01-20,1.0,19.0,25.2
1982,01-21,1.0,20.0,20.5
1982,01-22,1.0,21.0,19.3
1982,01-23,1.0,22.0,15.8
1982,01-24,1.0,23.0,17.0
1982,01-25,1.0,24.0,18.4
1982,01-26,1.0,25.0,13.3
1982,01-27,1.0,26.0,14.6
1982,01-28,1.0,27.0,12.5
1982,01-29,1.0,28.0,17.0
1982,01-30,1.0,29.0,17.1
1982,01-31,1.0,30.0,14.0
1982,02-01,1.0,31.0,14.6
1982,02-02,1.0,32.0,13.3
1982,02-03,1.0,33.0,14.8
1982,02-04,1.0,34.0,15.1
1982,02-05,1.0,35.0,13.1
1982,02-06,1.0,36.0,13.6
1982,02-07,1.0,37.0,19.5
1982,02-08,1.0,38.0,22.7
1982,02-09,1.0,39.0,17.2
1982,02-10,1.0,40.0,13.5
1982,02-11,1.0,41.0,15.4
1982,02-12,1.0,42.0,17.0
1982,02-13,1.0,43.0,19.2
1982,02-14,1.0,44.0,22.8
1982,02-15,1.0,45.0,26.3
1982,02-16,1.0,46.0,18.2
1982,02-17,1.0,47.0,17.0
1982,02-18,1.0,48.0,14.8
1982,02-19,1.0,49.0,12.8
1982,02-20,1.0,50.0,15.5
1982,02-21,1.0,51.0,15.6
1982,02-22,1.0,52.0,13.1
1982,02-23,1.0,53.0,15.2
1982,02-24,1.0,54.0,14.1
1982,02-25,1.0,55.0,12.5
1982,02-26,1.0,56.0,14.6
1982,02-27,1.0,57.0,10.4
1982,02-28,1.0,58.0,13.9
1982,03-01,1.0,59.0,11.9
1982,03-02,1.0,60.0,13.5
1982,03-03,1.0,61.0,9.8
1982,03-04,1.0,62.0,14.0
1982,03-05,1.0,63.0,21.5
1982,03-06,1.0,64.0,19.5
1982,03-07,1.0,65.0,16.7
1982,03-08,1.0,66.0,19.1
1982,03-09,1.0,67.0,11.0
1982,03-10,1.0,68.0,9.0
1982,03-11,1.0,69.0,10.0
1982,03-12,1.0,70.0,14.6
1982,03-13,1.0,71.0,12.5
1982,03-14,1.0,72.0,17.2
1982,03-15,1.0,73.0,19.2
1982,03-16,1.0,74.0,22.2
1982,03-17,1.0,75.0,15.7
1982,03-18,1.0,76.0,14.2
1982,03-19,1.0,77.0,9.8
1982,03-20,1.0,78.0,14.0
1982,03-21,1.0,79.0,17.5
1982,03-22,1.0,80.0,20.7
1982,03-23,1.0,81.0,15.6
1982,03-24,1.0,82.0,13.2
1982,03-25,1.0,83.0,14.5
1982,03-26,1.0,84.0,16.8
1982,03-27,1.0,85.0,17.2
1982,03-28,1.0,86.0,13.4
1982,03-29,1.0,87.0,14.2
1982,03-30,1.0,88.0,14.3
1982,03-31,1.0,89.0,10.2
1982,04-01,1.0,90.0,10.4
1982,04-02,1.0,91.0,12.3
1982,04-03,1.0,92.0,11.9
1982,04-04,1.0,93.0,11.2
1982,04-05,1.0,94.0,8.5
1982,04-06,1.0,95.0,12.0
1982,04-07,1.0,96.0,12.4
1982,04-08,1.0,97.0,12.9
1982,04-09,1.0,98.0,10.1
1982,04-10,1.0,99.0,15.0
1982,04-11,1.0,100.0,13.6
1982,04-12,1.0,101.0,12.4
1982,04-13,1.0,102.0,13.6
1982,04-14,1.0,103.0,16.1
1982,04-15,1.0,104.0,19.5
1982,04-16,1.0,105.0,14.2
1982,04-17,1.0,106.0,9.3
1982,04-18,1.0,107.0,10.1
1982,04-19,1.0,108.0,7.4
1982,04-20,1.0,109.0,8.6
1982,04-21,1.0,110.0,7.8
1982,04-22,1.0,111.0,9.1
1982,04-23,1.0,112.0,13.0
1982,04-24,1.0,113.0,16.5
1982,04-25,1.0,114.0,12.9
1982,04-26,1.0,115.0,6.9
1982,04-27,1.0,116.0,6.9
1982,04-28,1.0,117.0,8.7
1982,04-29,1.0,118.0,10.0
1982,04-30,1.0,119.0,10.8
1982,05-01,1.0,120.0,7.5
1982,05-02,1.0,121.0,6.3
1982,05-03,1.0,122.0,11.9
1982,05-04,1.0,123.0,13.8
1982,05-05,1.0,124.0,11.8
1982,05-06,1.0,125.0,11.0
1982,05-07,1.0,126.0,10.1
1982,05-08,1.0,127.0,8.5
1982,05-09,1.0,128.0,5.5
1982,05-10,1.0,129.0,7.6
1982,05-11,1.0,130.0,8.7
1982,05-12,1.0,131.0,10.8
1982,05-13,1.0,132.0,11.2
1982,05-14,1.0,133.0,9.1
1982,05-15,1.0,134.0,3.7
1982,05-16,1.0,135.0,4.6
1982,05-17,1.0,136.0,6.6
1982,05-18,1.0,137.0,13.2
1982,05-19,1.0,138.0,15.2
1982,05-20,1.0,139.0,7.6
1982,05-21,1.0,140.0,8.4
1982,05-22,1.0,141.0,6.0
1982,05-23,1.0,142.0,8.3
1982,05-24,1.0,143.0,8.6
1982,05-25,1.0,144.0,11.1
1982,05-26,1.0,145.0,12.1
1982,05-27,1.0,146.0,12.9
1982,05-28,1.0,147.0,14.0
1982,05-29,1.0,148.0,12.5
1982,05-30,1.0,149.0,11.5
1982,05-31,1.0,150.0,7.0
1982,06-01,1.0,151.0,7.1
1982,06-02,1.0,152.0,9.0
1982,06-03,1.0,153.0,3.1
1982,06-04,1.0,154.0,2.5
1982,06-05,1.0,155.0,0.0
1982,06-06,1.0,156.0,1.6
1982,06-07,1.0,157.0,2.6
1982,06-08,1.0,158.0,5.7
1982,06-09,1.0,159.0,2.3
1982,06-10,1.0,160.0,4.5
1982,06-11,1.0,161.0,8.2
1982,06-12,1.0,162.0,6.9
1982,06-13,1.0,163.0,7.3
1982,06-14,1.0,164.0,6.0
1982,06-15,1.0,165.0,7.3
1982,06-16,1.0,166.0,7.6
1982,06-17,1.0,167.0,8.0
1982,06-18,1.0,168.0,8.0
1982,06-19,1.0,169.0,6.8
1982,06-20,1.0,170.0,7.3
1982,06-21,1.0,171.0,6.2
1982,06-22,1.0,172.0,6.9
1982,06-23,1.0,173.0,8.9
1982,06-24,1.0,174.0,4.0
1982,06-25,1.0,175.0,1.3
1982,06-26,1.0,176.0,0.8
1982,06-27,1.0,177.0,4.3
1982,06-28,1.0,178.0,7.3
1982,06-29,1.0,179.0,7.7
1982,06-30,1.0,180.0,9.0
1982,07-01,1.0,181.0,4.2
1982,07-02,1.0,182.0,1.6
1982,07-03,1.0,183.0,2.6
1982,07-04,1.0,184.0,3.4
1982,07-05,1.0,185.0,3.9
1982,07-06,1.0,186.0,7.0
1982,07-07,1.0,187.0,7.8
1982,07-08,1.0,188.0,5.3
1982,07-09,1.0,189.0,2.4
1982,07-10,1.0,190.0,2.8
1982,07-11,1.0,191.0,4.0
1982,07-12,1.0,192.0,7.5
1982,07-13,1.0,193.0,7.8
1982,07-14,1.0,194.0,5.6
1982,07-15,1.0,195.0,3.3
1982,07-16,1.0,196.0,5.0
1982,07-17,1.0,197.0,3.7
1982,07-18,1.0,198.0,3.9
1982,07-19,1.0,199.0,5.2
1982,07-20,1.0,200.0,0.2
1982,07-21,1.0,201.0,0.8
1982,07-22,1.0,202.0,0.9
1982,07-23,1.0,203.0,3.5
1982,07-24,1.0,204.0,6.6
1982,07-25,1.0,205.0,9.5
1982,07-26,1.0,206.0,9.0
1982,07-27,1.0,207.0,3.5
1982,07-28,1.0,208.0,4.5
1982,07-29,1.0,209.0,5.7
1982,07-30,1.0,210.0,5.6
1982,07-31,1.0,211.0,7.1
1982,08-01,1.0,212.0,9.7
1982,08-02,1.0,213.0,8.3
1982,08-03,1.0,214.0,9.1
1982,08-04,1.0,215.0,2.8
1982,08-05,1.0,216.0,2.2
1982,08-06,1.0,217.0,4.5
1982,08-07,1.0,218.0,3.8
1982,08-08,1.0,219.0,3.8
1982,08-09,1.0,220.0,6.2
1982,08-10,1.0,221.0,11.5
1982,08-11,1.0,222.0,10.2
1982,08-12,1.0,223.0,7.9
1982,08-13,1.0,224.0,9.0
1982,08-14,1.0,225.0,9.5
1982,08-15,1.0,226.0,6.0
1982,08-16,1.0,227.0,8.2
1982,08-17,1.0,228.0,9.2
1982,08-18,1.0,229.0,4.3
1982,08-19,1.0,230.0,6.6
1982,08-20,1.0,231.0,9.4
1982,08-21,1.0,232.0,13.2
1982,08-22,1.0,233.0,6.6
1982,08-23,1.0,234.0,5.1
1982,08-24,1.0,235.0,12.1
1982,08-25,1.0,236.0,11.2
1982,08-26,1.0,237.0,8.5
1982,08-27,1.0,238.0,4.6
1982,08-28,1.0,239.0,7.0
1982,08-29,1.0,240.0,14.2
1982,08-30,1.0,241.0,12.7
1982,08-31,1.0,242.0,7.6
1982,09-01,1.0,243.0,4.0
1982,09-02,1.0,244.0,10.0
1982,09-03,1.0,245.0,10.5
1982,09-04,1.0,246.0,5.0
1982,09-05,1.0,247.0,4.5
1982,09-06,1.0,248.0,8.2
1982,09-07,1.0,249.0,4.3
1982,09-08,1.0,250.0,9.8
1982,09-09,1.0,251.0,5.8
1982,09-10,1.0,252.0,5.0
1982,09-11,1.0,253.0,8.5
1982,09-12,1.0,254.0,9.0
1982,09-13,1.0,255.0,3.6
1982,09-14,1.0,256.0,6.7
1982,09-15,1.0,257.0,6.7
1982,09-16,1.0,258.0,10.1
1982,09-17,1.0,259.0,15.0
1982,09-18,1.0,260.0,8.9
1982,09-19,1.0,261.0,5.7
1982,09-20,1.0,262.0,4.2
1982,09-21,1.0,263.0,4.0
1982,09-22,1.0,264.0,5.3
1982,09-23,1.0,265.0,6.3
1982,09-24,1.0,266.0,8.5
1982,09-25,1.0,267.0,11.5
1982,09-26,1.0,268.0,7.7
1982,09-27,1.0,269.0,9.2
1982,09-28,1.0,270.0,7.8
1982,09-29,1.0,271.0,6.3
1982,09-30,1.0,272.0,6.3
1982,10-01,1.0,273.0,8.6
1982,10-02,1.0,274.0,6.1
1982,10-03,1.0,275.0,13.2
1982,10-04,1.0,276.0,9.9
1982,10-05,1.0,277.0,4.7
1982,10-06,1.0,278.0,5.8
1982,10-07,1.0,279.0,14.9
1982,10-08,1.0,280.0,10.7
1982,10-09,1.0,281.0,8.6
1982,10-10,1.0,282.0,9.4
1982,10-11,1.0,283.0,5.7
1982,10-12,1.0,284.0,10.9
1982,10-13,1.0,285.0,13.1
1982,10-14,1.0,286.0,10.4
1982,10-15,1.0,287.0,8.2
1982,10-16,1.0,288.0,9.8
1982,10-17,1.0,289.0,7.5
1982,10-18,1.0,290.0,5.8
1982,10-19,1.0,291.0,9.8
1982,10-20,1.0,292.0,7.9
1982,10-21,1.0,293.0,8.7
1982,10-22,1.0,294.0,10.0
1982,10-23,1.0,295.0,10.6
1982,10-24,1.0,296.0,8.0
1982,10-25,1.0,297.0,10.2
1982,10-26,1.0,298.0,15.1
1982,10-27,1.0,299.0,13.9
1982,10-28,1.0,300.0,9.2
1982,10-29,1.0,301.0,9.0
1982,10-30,1.0,302.0,13.2
1982,10-31,1.0,303.0,7.0
1982,11-01,1.0,304.0,10.6
1982,11-02,1.0,305.0,6.9
1982,11-03,1.0,306.0,9.5
1982,11-04,1.0,307.0,12.5
1982,11-05,1.0,308.0,13.6
1982,11-06,1.0,309.0,17.7
1982,11-07,1.0,310.0,16.0
1982,11-08,1.0,311.0,11.3
1982,11-09,1.0,312.0,10.5
1982,11-10,1.0,313.0,14.4
1982,11-11,1.0,314.0,10.3
1982,11-12,1.0,315.0,9.0
1982,11-13,1.0,316.0,11.1
1982,11-14,1.0,317.0,14.5
1982,11-15,1.0,318.0,18.0
1982,11-16,1.0,319.0,12.8
1982,11-17,1.0,320.0,10.7
1982,11-18,1.0,321.0,9.1
1982,11-19,1.0,322.0,8.7
1982,11-20,1.0,323.0,12.4
1982,11-21,1.0,324.0,12.6
1982,11-22,1.0,325.0,10.3
1982,11-23,1.0,326.0,13.7
1982,11-24,1.0,327.0,16.0
1982,11-25,1.0,328.0,15.8
1982,11-26,1.0,329.0,12.1
1982,11-27,1.0,330.0,12.5
1982,11-28,1.0,331.0,12.2
1982,11-29,1.0,332.0,13.7
1982,11-30,1.0,333.0,16.1
1982,12-01,1.0,334.0,15.5
1982,12-02,1.0,335.0,10.3
1982,12-03,1.0,336.0,10.5
1982,12-04,1.0,337.0,11.0
1982,12-05,1.0,338.0,11.9
1982,12-06,1.0,339.0,13.0
1982,12-07,1.0,340.0,12.2
1982,12-08,1.0,341.0,10.6
1982,12-09,1.0,342.0,13.0
1982,12-10,1.0,343.0,13.0
1982,12-11,1.0,344.0,12.2
1982,12-12,1.0,345.0,12.6
1982,12-13,1.0,346.0,18.7
1982,12-14,1.0,347.0,15.2
1982,12-15,1.0,348.0,15.3
1982,12-16,1.0,349.0,13.9
1982,12-17,1.0,350.0,15.8
1982,12-18,1.0,351.0,13.0
1982,12-19,1.0,352.0,13.0
1982,12-20,1.0,353.0,13.7
1982,12-21,1.0,354.0,12.0
1982,12-22,1.0,355.0,10.8
1982,12-23,1.0,356.0,15.6
1982,12-24,1.0,357.0,15.3
1982,12-25,1.0,358.0,13.9
1982,12-26,1.0,359.0,13.0
1982,12-27,1.0,360.0,15.3
1982,12-28,1.0,361.0,16.3
1982,12-29,1.0,362.0,15.8
1982,12-30,1.0,363.0,17.7
1982,12-31,1.0,364.0,16.3
1983,01-01,2.0,0.0,18.4
1983,01-02,2.0,1.0,15.0
1983,01-03,2.0,2.0,10.9
1983,01-04,2.0,3.0,11.4
1983,01-05,2.0,4.0,14.8
1983,01-06,2.0,5.0,12.1
1983,01-07,2.0,6.0,12.8
1983,01-08,2.0,7.0,16.2
1983,01-09,2.0,8.0,15.5
1983,01-10,2.0,9.0,13.0
1983,01-11,2.0,10.0,10.5
1983,01-12,2.0,11.0,9.1
1983,01-13,2.0,12.0,10.5
1983,01-14,2.0,13.0,11.8
1983,01-15,2.0,14.0,12.7
1983,01-16,2.0,15.0,12.7
1983,01-17,2.0,16.0,11.5
1983,01-18,2.0,17.0,13.8
1983,01-19,2.0,18.0,13.3
1983,01-20,2.0,19.0,11.6
1983,01-21,2.0,20.0,15.4
1983,01-22,2.0,21.0,12.4
1983,01-23,2.0,22.0,16.9
1983,01-24,2.0,23.0,14.7
1983,01-25,2.0,24.0,10.6
1983,01-26,2.0,25.0,15.6
1983,01-27,2.0,26.0,10.7
1983,01-28,2.0,27.0,12.6
1983,01-29,2.0,28.0,13.8
1983,01-30,2.0,29.0,14.3
1983,01-31,2.0,30.0,14.0
1983,02-01,2.0,31.0,18.1
1983,02-02,2.0,32.0,17.3
1983,02-03,2.0,33.0,13.0
1983,02-04,2.0,34.0,16.0
1983,02-05,2.0,35.0,14.9
1983,02-06,2.0,36.0,16.2
1983,02-07,2.0,37.0,20.3
1983,02-08,2.0,38.0,22.5
1983,02-09,2.0,39.0,17.2
1983,02-10,2.0,40.0,15.9
1983,02-11,2.0,41.0,16.8
1983,02-12,2.0,42.0,13.8
1983,02-13,2.0,43.0,12.8
1983,02-14,2.0,44.0,14.0
1983,02-15,2.0,45.0,17.5
1983,02-16,2.0,46.0,21.5
1983,02-17,2.0,47.0,16.8
1983,02-18,2.0,48.0,13.6
1983,02-19,2.0,49.0,14.5
1983,02-20,2.0,50.0,14.2
1983,02-21,2.0,51.0,15.7
1983,02-22,2.0,52.0,19.7
1983,02-23,2.0,53.0,17.4
1983,02-24,2.0,54.0,14.4
1983,02-25,2.0,55.0,16.9
1983,02-26,2.0,56.0,19.1
1983,02-27,2.0,57.0,20.4
1983,02-28,2.0,58.0,20.1
1983,03-01,2.0,59.0,19.9
1983,03-02,2.0,60.0,22.0
1983,03-03,2.0,61.0,20.5
1983,03-04,2.0,62.0,22.1
1983,03-05,2.0,63.0,20.6
1983,03-06,2.0,64.0,15.0
1983,03-07,2.0,65.0,20.6
1983,03-08,2.0,66.0,21.5
1983,03-09,2.0,67.0,16.2
1983,03-10,2.0,68.0,14.1
1983,03-11,2.0,69.0,14.5
1983,03-12,2.0,70.0,21.1
1983,03-13,2.0,71.0,15.9
1983,03-14,2.0,72.0,15.2
1983,03-15,2.0,73.0,13.1
1983,03-16,2.0,74.0,13.2
1983,03-17,2.0,75.0,12.5
1983,03-18,2.0,76.0,15.2
1983,03-19,2.0,77.0,17.6
1983,03-20,2.0,78.0,15.5
1983,03-21,2.0,79.0,16.7
1983,03-22,2.0,80.0,16.3
1983,03-23,2.0,81.0,15.1
1983,03-24,2.0,82.0,12.7
1983,03-25,2.0,83.0,10.0
1983,03-26,2.0,84.0,11.4
1983,03-27,2.0,85.0,12.6
1983,03-28,2.0,86.0,10.7
1983,03-29,2.0,87.0,10.0
1983,03-30,2.0,88.0,13.9
1983,03-31,2.0,89.0,13.4
1983,04-01,2.0,90.0,12.5
1983,04-02,2.0,91.0,12.8
1983,04-03,2.0,92.0,7.8
1983,04-04,2.0,93.0,11.1
1983,04-05,2.0,94.0,10.7
1983,04-06,2.0,95.0,7.1
1983,04-07,2.0,96.0,6.7
1983,04-08,2.0,97.0,5.7
1983,04-09,2.0,98.0,9.1
1983,04-10,2.0,99.0,15.2
1983,04-11,2.0,100.0,15.5
1983,04-12,2.0,101.0,11.1
1983,04-13,2.0,102.0,11.7
1983,04-14,2.0,103.0,11.5
1983,04-15,2.0,104.0,9.8
1983,04-16,2.0,105.0,6.2
1983,04-17,2.0,106.0,6.7
1983,04-18,2.0,107.0,7.5
1983,04-19,2.0,108.0,8.8
1983,04-20,2.0,109.0,8.0
1983,04-21,2.0,110.0,10.4
1983,04-22,2.0,111.0,14.5
1983,04-23,2.0,112.0,16.5
1983,04-24,2.0,113.0,14.1
1983,04-25,2.0,114.0,10.5
1983,04-26,2.0,115.0,12.6
1983,04-27,2.0,116.0,13.0
1983,04-28,2.0,117.0,8.7
1983,04-29,2.0,118.0,10.1
1983,04-30,2.0,119.0,12.0
1983,05-01,2.0,120.0,12.5
1983,05-02,2.0,121.0,13.5
1983,05-03,2.0,122.0,13.7
1983,05-04,2.0,123.0,13.5
1983,05-05,2.0,124.0,10.7
1983,05-06,2.0,125.0,13.0
1983,05-07,2.0,126.0,11.6
1983,05-08,2.0,127.0,13.0
1983,05-09,2.0,128.0,11.2
1983,05-10,2.0,129.0,13.5
1983,05-11,2.0,130.0,12.9
1983,05-12,2.0,131.0,6.8
1983,05-13,2.0,132.0,10.0
1983,05-14,2.0,133.0,14.5
1983,05-15,2.0,134.0,11.7
1983,05-16,2.0,135.0,6.7
1983,05-17,2.0,136.0,4.6
1983,05-18,2.0,137.0,4.9
1983,05-19,2.0,138.0,7.4
1983,05-20,2.0,139.0,8.3
1983,05-21,2.0,140.0,7.5
1983,05-22,2.0,141.0,6.2
1983,05-23,2.0,142.0,7.8
1983,05-24,2.0,143.0,13.2
1983,05-25,2.0,144.0,11.9
1983,05-26,2.0,145.0,6.5
1983,05-27,2.0,146.0,8.3
1983,05-28,2.0,147.0,12.1
1983,05-29,2.0,148.0,9.3
1983,05-30,2.0,149.0,7.5
1983,05-31,2.0,150.0,9.3
1983,06-01,2.0,151.0,11.0
1983,06-02,2.0,152.0,10.8
1983,06-03,2.0,153.0,5.3
1983,06-04,2.0,154.0,7.6
1983,06-05,2.0,155.0,5.6
1983,06-06,2.0,156.0,7.2
1983,06-07,2.0,157.0,9.6
1983,06-08,2.0,158.0,7.0
1983,06-09,2.0,159.0,8.3
1983,06-10,2.0,160.0,7.8
1983,06-11,2.0,161.0,4.7
1983,06-12,2.0,162.0,6.8
1983,06-13,2.0,163.0,7.2
1983,06-14,2.0,164.0,8.3
1983,06-15,2.0,165.0,9.5
1983,06-16,2.0,166.0,4.7
1983,06-17,2.0,167.0,3.0
1983,06-18,2.0,168.0,1.5
1983,06-19,2.0,169.0,2.5
1983,06-20,2.0,170.0,6.2
1983,06-21,2.0,171.0,11.6
1983,06-22,2.0,172.0,6.6
1983,06-23,2.0,173.0,6.6
1983,06-24,2.0,174.0,8.0
1983,06-25,2.0,175.0,7.9
1983,06-26,2.0,176.0,3.3
1983,06-27,2.0,177.0,3.9
1983,06-28,2.0,178.0,6.0
1983,06-29,2.0,179.0,4.0
1983,06-30,2.0,180.0,5.5
1983,07-01,2.0,181.0,8.5
1983,07-02,2.0,182.0,9.8
1983,07-03,2.0,183.0,9.5
1983,07-04,2.0,184.0,7.2
1983,07-05,2.0,185.0,8.1
1983,07-06,2.0,186.0,8.0
1983,07-07,2.0,187.0,8.5
1983,07-08,2.0,188.0,8.8
1983,07-09,2.0,189.0,8.3
1983,07-10,2.0,190.0,2.4
1983,07-11,2.0,191.0,4.9
1983,07-12,2.0,192.0,5.9
1983,07-13,2.0,193.0,6.7
1983,07-14,2.0,194.0,8.4
1983,07-15,2.0,195.0,6.5
1983,07-16,2.0,196.0,7.9
1983,07-17,2.0,197.0,4.1
1983,07-18,2.0,198.0,5.4
1983,07-19,2.0,199.0,7.5
1983,07-20,2.0,200.0,3.9
1983,07-21,2.0,201.0,2.5
1983,07-22,2.0,202.0,5.3
1983,07-23,2.0,203.0,6.6
1983,07-24,2.0,204.0,0.0
1983,07-25,2.0,205.0,0.7
1983,07-26,2.0,206.0,7.6
1983,07-27,2.0,207.0,12.3
1983,07-28,2.0,208.0,9.2
1983,07-29,2.0,209.0,9.6
1983,07-30,2.0,210.0,9.5
1983,07-31,2.0,211.0,10.0
1983,08-01,2.0,212.0,7.7
1983,08-02,2.0,213.0,8.0
1983,08-03,2.0,214.0,8.3
1983,08-04,2.0,215.0,8.3
1983,08-05,2.0,216.0,4.5
1983,08-06,2.0,217.0,6.5
1983,08-07,2.0,218.0,9.4
1983,08-08,2.0,219.0,9.4
1983,08-09,2.0,220.0,10.5
1983,08-10,2.0,221.0,10.7
1983,08-11,2.0,222.0,9.9
1983,08-12,2.0,223.0,7.6
1983,08-13,2.0,224.0,5.8
1983,08-14,2.0,225.0,8.5
1983,08-15,2.0,226.0,13.8
1983,08-16,2.0,227.0,14.3
1983,08-17,2.0,228.0,8.3
1983,08-18,2.0,229.0,5.3
1983,08-19,2.0,230.0,3.0
1983,08-20,2.0,231.0,5.2
1983,08-21,2.0,232.0,10.3
1983,08-22,2.0,233.0,11.1
1983,08-23,2.0,234.0,10.5
1983,08-24,2.0,235.0,9.0
1983,08-25,2.0,236.0,13.0
1983,08-26,2.0,237.0,6.4
1983,08-27,2.0,238.0,8.4
1983,08-28,2.0,239.0,6.7
1983,08-29,2.0,240.0,8.3
1983,08-30,2.0,241.0,11.2
1983,08-31,2.0,242.0,10.0
1983,09-01,2.0,243.0,10.1
1983,09-02,2.0,244.0,10.6
1983,09-03,2.0,245.0,10.9
1983,09-04,2.0,246.0,5.7
1983,09-05,2.0,247.0,9.5
1983,09-06,2.0,248.0,10.4
1983,09-07,2.0,249.0,11.1
1983,09-08,2.0,250.0,12.2
1983,09-09,2.0,251.0,10.6
1983,09-10,2.0,252.0,8.8
1983,09-11,2.0,253.0,9.2
1983,09-12,2.0,254.0,5.5
1983,09-13,2.0,255.0,7.1
1983,09-14,2.0,256.0,6.5
1983,09-15,2.0,257.0,4.3
1983,09-16,2.0,258.0,5.0
1983,09-17,2.0,259.0,11.2
1983,09-18,2.0,260.0,7.5
1983,09-19,2.0,261.0,12.0
1983,09-20,2.0,262.0,13.6
1983,09-21,2.0,263.0,8.3
1983,09-22,2.0,264.0,8.5
1983,09-23,2.0,265.0,12.9
1983,09-24,2.0,266.0,7.7
1983,09-25,2.0,267.0,7.6
1983,09-26,2.0,268.0,3.5
1983,09-27,2.0,269.0,10.4
1983,09-28,2.0,270.0,15.4
1983,09-29,2.0,271.0,10.6
1983,09-30,2.0,272.0,9.6
1983,10-01,2.0,273.0,9.3
1983,10-02,2.0,274.0,13.9
1983,10-03,2.0,275.0,7.7
1983,10-04,2.0,276.0,9.5
1983,10-05,2.0,277.0,7.6
1983,10-06,2.0,278.0,6.9
1983,10-07,2.0,279.0,6.8
1983,10-08,2.0,280.0,5.8
1983,10-09,2.0,281.0,6.0
1983,10-10,2.0,282.0,8.3
1983,10-11,2.0,283.0,9.1
1983,10-12,2.0,284.0,12.5
1983,10-13,2.0,285.0,13.2
1983,10-14,2.0,286.0,16.2
1983,10-15,2.0,287.0,12.5
1983,10-16,2.0,288.0,11.8
1983,10-17,2.0,289.0,10.6
1983,10-18,2.0,290.0,10.0
1983,10-19,2.0,291.0,12.2
1983,10-20,2.0,292.0,8.9
1983,10-21,2.0,293.0,10.3
1983,10-22,2.0,294.0,7.5
1983,10-23,2.0,295.0,11.6
1983,10-24,2.0,296.0,12.6
1983,10-25,2.0,297.0,12.9
1983,10-26,2.0,298.0,11.7
1983,10-27,2.0,299.0,14.0
1983,10-28,2.0,300.0,12.3
1983,10-29,2.0,301.0,9.0
1983,10-30,2.0,302.0,9.2
1983,10-31,2.0,303.0,9.8
1983,11-01,2.0,304.0,11.8
1983,11-02,2.0,305.0,10.6
1983,11-03,2.0,306.0,12.6
1983,11-04,2.0,307.0,11.0
1983,11-05,2.0,308.0,8.2
1983,11-06,2.0,309.0,7.5
1983,11-07,2.0,310.0,13.6
1983,11-08,2.0,311.0,14.8
1983,11-09,2.0,312.0,10.9
1983,11-10,2.0,313.0,7.7
1983,11-11,2.0,314.0,10.2
1983,11-12,2.0,315.0,10.8
1983,11-13,2.0,316.0,10.8
1983,11-14,2.0,317.0,12.5
1983,11-15,2.0,318.0,13.2
1983,11-16,2.0,319.0,8.7
1983,11-17,2.0,320.0,5.7
1983,11-18,2.0,321.0,9.8
1983,11-19,2.0,322.0,7.3
1983,11-20,2.0,323.0,10.8
1983,11-21,2.0,324.0,10.0
1983,11-22,2.0,325.0,16.2
1983,11-23,2.0,326.0,15.0
1983,11-24,2.0,327.0,14.5
1983,11-25,2.0,328.0,15.9
1983,11-26,2.0,329.0,14.9
1983,11-27,2.0,330.0,14.2
1983,11-28,2.0,331.0,15.8
1983,11-29,2.0,332.0,17.2
1983,11-30,2.0,333.0,17.6
1983,12-01,2.0,334.0,12.1
1983,12-02,2.0,335.0,11.4
1983,12-03,2.0,336.0,13.0
1983,12-04,2.0,337.0,13.2
1983,12-05,2.0,338.0,12.0
1983,12-06,2.0,339.0,15.3
1983,12-07,2.0,340.0,12.7
1983,12-08,2.0,341.0,12.1
1983,12-09,2.0,342.0,13.8
1983,12-10,2.0,343.0,10.9
1983,12-11,2.0,344.0,12.0
1983,12-12,2.0,345.0,16.5
1983,12-13,2.0,346.0,15.0
1983,12-14,2.0,347.0,11.2
1983,12-15,2.0,348.0,13.9
1983,12-16,2.0,349.0,15.0
1983,12-17,2.0,350.0,14.8
1983,12-18,2.0,351.0,15.0
1983,12-19,2.0,352.0,13.3
1983,12-20,2.0,353.0,20.4
1983,12-21,2.0,354.0,18.0
1983,12-22,2.0,355.0,12.2
1983,12-23,2.0,356.0,16.7
1983,12-24,2.0,357.0,13.8
1983,12-25,2.0,358.0,17.5
1983,12-26,2.0,359.0,15.0
1983,12-27,2.0,360.0,13.9
1983,12-28,2.0,361.0,11.1
1983,12-29,2.0,362.0,16.1
1983,12-30,2.0,363.0,20.4
1983,12-31,2.0,364.0,18.0
1984,01-01,3.0,0.0,19.5
1984,01-02,3.0,1.0,17.1
1984,01-03,3.0,2.0,17.1
1984,01-04,3.0,3.0,12.0
1984,01-05,3.0,4.0,11.0
1984,01-06,3.0,5.0,16.3
1984,01-07,3.0,6.0,16.1
1984,01-08,3.0,7.0,13.0
1984,01-09,3.0,8.0,13.4
1984,01-10,3.0,9.0,15.2
1984,01-11,3.0,10.0,12.5
1984,01-12,3.0,11.0,14.3
1984,01-13,3.0,12.0,16.5
1984,01-14,3.0,13.0,18.6
1984,01-15,3.0,14.0,18.0
1984,01-16,3.0,15.0,18.2
1984,01-17,3.0,16.0,11.4
1984,01-18,3.0,17.0,11.9
1984,01-19,3.0,18.0,12.2
1984,01-20,3.0,19.0,14.8
1984,01-21,3.0,20.0,13.1
1984,01-22,3.0,21.0,12.7
1984,01-23,3.0,22.0,10.5
1984,01-24,3.0,23.0,13.8
1984,01-25,3.0,24.0,18.8
1984,01-26,3.0,25.0,13.9
1984,01-27,3.0,26.0,11.2
1984,01-28,3.0,27.0,10.6
1984,01-29,3.0,28.0,14.7
1984,01-30,3.0,29.0,13.1
1984,01-31,3.0,30.0,12.1
1984,02-01,3.0,31.0,14.7
1984,02-02,3.0,32.0,11.1
1984,02-03,3.0,33.0,13.0
1984,02-04,3.0,34.0,15.6
1984,02-05,3.0,35.0,14.2
1984,02-06,3.0,36.0,15.5
1984,02-07,3.0,37.0,18.0
1984,02-08,3.0,38.0,15.0
1984,02-09,3.0,39.0,15.9
1984,02-10,3.0,40.0,15.5
1984,02-11,3.0,41.0,15.8
1984,02-12,3.0,42.0,16.6
1984,02-13,3.0,43.0,13.6
1984,02-14,3.0,44.0,13.8
1984,02-15,3.0,45.0,14.6
1984,02-16,3.0,46.0,15.6
1984,02-17,3.0,47.0,16.6
1984,02-18,3.0,48.0,14.3
1984,02-19,3.0,49.0,16.3
1984,02-20,3.0,50.0,18.9
1984,02-21,3.0,51.0,18.7
1984,02-22,3.0,52.0,14.5
1984,02-23,3.0,53.0,16.5
1984,02-24,3.0,54.0,14.1
1984,02-25,3.0,55.0,13.5
1984,02-26,3.0,56.0,11.7
1984,02-27,3.0,57.0,15.1
1984,02-28,3.0,58.0,11.2
1984,03-01,3.0,59.0,12.6
1984,03-02,3.0,60.0,8.8
1984,03-03,3.0,61.0,10.5
1984,03-04,3.0,62.0,12.1
1984,03-05,3.0,63.0,14.5
1984,03-06,3.0,64.0,19.5
1984,03-07,3.0,65.0,14.0
1984,03-08,3.0,66.0,13.8
1984,03-09,3.0,67.0,10.5
1984,03-10,3.0,68.0,13.8
1984,03-11,3.0,69.0,11.4
1984,03-12,3.0,70.0,15.6
1984,03-13,3.0,71.0,11.1
1984,03-14,3.0,72.0,12.1
1984,03-15,3.0,73.0,14.2
1984,03-16,3.0,74.0,10.9
1984,03-17,3.0,75.0,14.2
1984,03-18,3.0,76.0,13.8
1984,03-19,3.0,77.0,15.1
1984,03-20,3.0,78.0,14.0
1984,03-21,3.0,79.0,12.1
1984,03-22,3.0,80.0,13.8
1984,03-23,3.0,81.0,16.6
1984,03-24,3.0,82.0,17.8
1984,03-25,3.0,83.0,9.4
1984,03-26,3.0,84.0,10.2
1984,03-27,3.0,85.0,7.4
1984,03-28,3.0,86.0,8.7
1984,03-29,3.0,87.0,14.0
1984,03-30,3.0,88.0,15.3
1984,03-31,3.0,89.0,11.1
1984,04-01,3.0,90.0,9.7
1984,04-02,3.0,91.0,10.3
1984,04-03,3.0,92.0,9.2
1984,04-04,3.0,93.0,8.2
1984,04-05,3.0,94.0,9.7
1984,04-06,3.0,95.0,12.4
1984,04-07,3.0,96.0,12.5
1984,04-08,3.0,97.0,9.0
1984,04-09,3.0,98.0,9.7
1984,04-10,3.0,99.0,10.1
1984,04-11,3.0,100.0,11.2
1984,04-12,3.0,101.0,12.0
1984,04-13,3.0,102.0,11.1
1984,04-14,3.0,103.0,10.8
1984,04-15,3.0,104.0,12.8
1984,04-16,3.0,105.0,9.8
1984,04-17,3.0,106.0,13.7
1984,04-18,3.0,107.0,11.0
1984,04-19,3.0,108.0,13.2
1984,04-20,3.0,109.0,13.0
1984,04-21,3.0,110.0,10.2
1984,04-22,3.0,111.0,13.2
1984,04-23,3.0,112.0,9.3
1984,04-24,3.0,113.0,11.1
1984,04-25,3.0,114.0,10.3
1984,04-26,3.0,115.0,8.7
1984,04-27,3.0,116.0,11.7
1984,04-28,3.0,117.0,12.5
1984,04-29,3.0,118.0,6.5
1984,04-30,3.0,119.0,9.6
1984,05-01,3.0,120.0,13.8
1984,05-02,3.0,121.0,14.7
1984,05-03,3.0,122.0,9.1
1984,05-04,3.0,123.0,4.8
1984,05-05,3.0,124.0,3.3
1984,05-06,3.0,125.0,3.5
1984,05-07,3.0,126.0,5.7
1984,05-08,3.0,127.0,5.5
1984,05-09,3.0,128.0,7.0
1984,05-10,3.0,129.0,9.5
1984,05-11,3.0,130.0,9.9
1984,05-12,3.0,131.0,4.9
1984,05-13,3.0,132.0,6.3
1984,05-14,3.0,133.0,4.8
1984,05-15,3.0,134.0,6.2
1984,05-16,3.0,135.0,7.1
1984,05-17,3.0,136.0,7.5
1984,05-18,3.0,137.0,9.4
1984,05-19,3.0,138.0,8.7
1984,05-20,3.0,139.0,9.5
1984,05-21,3.0,140.0,12.1
1984,05-22,3.0,141.0,9.5
1984,05-23,3.0,142.0,9.3
1984,05-24,3.0,143.0,8.5
1984,05-25,3.0,144.0,8.0
1984,05-26,3.0,145.0,9.8
1984,05-27,3.0,146.0,6.2
1984,05-28,3.0,147.0,7.3
1984,05-29,3.0,148.0,10.9
1984,05-30,3.0,149.0,10.0
1984,05-31,3.0,150.0,8.7
1984,06-01,3.0,151.0,9.0
1984,06-02,3.0,152.0,10.8
1984,06-03,3.0,153.0,12.4
1984,06-04,3.0,154.0,7.2
1984,06-05,3.0,155.0,7.2
1984,06-06,3.0,156.0,11.1
1984,06-07,3.0,157.0,9.3
1984,06-08,3.0,158.0,10.1
1984,06-09,3.0,159.0,3.9
1984,06-10,3.0,160.0,5.0
1984,06-11,3.0,161.0,8.2
1984,06-12,3.0,162.0,2.8
1984,06-13,3.0,163.0,4.3
1984,06-14,3.0,164.0,8.1
1984,06-15,3.0,165.0,11.1
1984,06-16,3.0,166.0,4.7
1984,06-17,3.0,167.0,5.3
1984,06-18,3.0,168.0,10.0
1984,06-19,3.0,169.0,5.6
1984,06-20,3.0,170.0,2.2
1984,06-21,3.0,171.0,7.1
1984,06-22,3.0,172.0,8.3
1984,06-23,3.0,173.0,8.6
1984,06-24,3.0,174.0,10.1
1984,06-25,3.0,175.0,8.3
1984,06-26,3.0,176.0,7.2
1984,06-27,3.0,177.0,7.7
1984,06-28,3.0,178.0,7.8
1984,06-29,3.0,179.0,9.1
1984,06-30,3.0,180.0,9.4
1984,07-01,3.0,181.0,7.8
1984,07-02,3.0,182.0,2.6
1984,07-03,3.0,183.0,2.4
1984,07-04,3.0,184.0,3.9
1984,07-05,3.0,185.0,1.3
1984,07-06,3.0,186.0,2.1
1984,07-07,3.0,187.0,7.4
1984,07-08,3.0,188.0,7.2
1984,07-09,3.0,189.0,8.8
1984,07-10,3.0,190.0,8.9
1984,07-11,3.0,191.0,8.8
1984,07-12,3.0,192.0,8.0
1984,07-13,3.0,193.0,0.7
1984,07-14,3.0,194.0,0.1
1984,07-15,3.0,195.0,0.9
1984,07-16,3.0,196.0,7.8
1984,07-17,3.0,197.0,7.2
1984,07-18,3.0,198.0,8.0
1984,07-19,3.0,199.0,4.6
1984,07-20,3.0,200.0,5.2
1984,07-21,3.0,201.0,5.8
1984,07-22,3.0,202.0,6.8
1984,07-23,3.0,203.0,8.1
1984,07-24,3.0,204.0,7.5
1984,07-25,3.0,205.0,5.4
1984,07-26,3.0,206.0,4.6
1984,07-27,3.0,207.0,6.4
1984,07-28,3.0,208.0,9.7
1984,07-29,3.0,209.0,7.0
1984,07-30,3.0,210.0,10.0
1984,07-31,3.0,211.0,10.6
1984,08-01,3.0,212.0,11.5
1984,08-02,3.0,213.0,10.2
1984,08-03,3.0,214.0,11.1
1984,08-04,3.0,215.0,11.0
1984,08-05,3.0,216.0,8.9
1984,08-06,3.0,217.0,9.9
1984,08-07,3.0,218.0,11.7
1984,08-08,3.0,219.0,11.6
1984,08-09,3.0,220.0,9.0
1984,08-10,3.0,221.0,6.3
1984,08-11,3.0,222.0,8.7
1984,08-12,3.0,223.0,8.5
1984,08-13,3.0,224.0,8.5
1984,08-14,3.0,225.0,8.0
1984,08-15,3.0,226.0,6.0
1984,08-16,3.0,227.0,8.0
1984,08-17,3.0,228.0,8.5
1984,08-18,3.0,229.0,7.7
1984,08-19,3.0,230.0,8.4
1984,08-20,3.0,231.0,9.0
1984,08-21,3.0,232.0,8.3
1984,08-22,3.0,233.0,6.8
1984,08-23,3.0,234.0,9.3
1984,08-24,3.0,235.0,6.7
1984,08-25,3.0,236.0,9.0
1984,08-26,3.0,237.0,7.3
1984,08-27,3.0,238.0,6.3
1984,08-28,3.0,239.0,7.9
1984,08-29,3.0,240.0,5.2
1984,08-30,3.0,241.0,9.0
1984,08-31,3.0,242.0,11.3
1984,09-01,3.0,243.0,9.2
1984,09-02,3.0,244.0,11.3
1984,09-03,3.0,245.0,7.0
1984,09-04,3.0,246.0,8.0
1984,09-05,3.0,247.0,4.6
1984,09-06,3.0,248.0,8.5
1984,09-07,3.0,249.0,9.5
1984,09-08,3.0,250.0,9.4
1984,09-09,3.0,251.0,10.5
1984,09-10,3.0,252.0,9.7
1984,09-11,3.0,253.0,4.9
1984,09-12,3.0,254.0,8.0
1984,09-13,3.0,255.0,5.8
1984,09-14,3.0,256.0,5.5
1984,09-15,3.0,257.0,10.9
1984,09-16,3.0,258.0,11.7
1984,09-17,3.0,259.0,9.2
1984,09-18,3.0,260.0,8.9
1984,09-19,3.0,261.0,11.3
1984,09-20,3.0,262.0,8.6
1984,09-21,3.0,263.0,6.2
1984,09-22,3.0,264.0,6.6
1984,09-23,3.0,265.0,9.1
1984,09-24,3.0,266.0,6.1
1984,09-25,3.0,267.0,7.5
1984,09-26,3.0,268.0,10.7
1984,09-27,3.0,269.0,6.3
1984,09-28,3.0,270.0,5.5
1984,09-29,3.0,271.0,6.7
1984,09-30,3.0,272.0,4.2
1984,10-01,3.0,273.0,11.3
1984,10-02,3.0,274.0,16.3
1984,10-03,3.0,275.0,10.5
1984,10-04,3.0,276.0,10.3
1984,10-05,3.0,277.0,7.9
1984,10-06,3.0,278.0,7.7
1984,10-07,3.0,279.0,16.0
1984,10-08,3.0,280.0,14.6
1984,10-09,3.0,281.0,12.5
1984,10-10,3.0,282.0,8.1
1984,10-11,3.0,283.0,12.2
1984,10-12,3.0,284.0,17.2
1984,10-13,3.0,285.0,9.4
1984,10-14,3.0,286.0,8.7
1984,10-15,3.0,287.0,5.9
1984,10-16,3.0,288.0,4.8
1984,10-17,3.0,289.0,7.4
1984,10-18,3.0,290.0,9.4
1984,10-19,3.0,291.0,9.7
1984,10-20,3.0,292.0,9.9
1984,10-21,3.0,293.0,6.5
1984,10-22,3.0,294.0,9.8
1984,10-23,3.0,295.0,18.2
1984,10-24,3.0,296.0,11.3
1984,10-25,3.0,297.0,9.1
1984,10-26,3.0,298.0,9.6
1984,10-27,3.0,299.0,13.5
1984,10-28,3.0,300.0,10.7
1984,10-29,3.0,301.0,10.0
1984,10-30,3.0,302.0,8.5
1984,10-31,3.0,303.0,12.6
1984,11-01,3.0,304.0,16.6
1984,11-02,3.0,305.0,11.6
1984,11-03,3.0,306.0,12.2
1984,11-04,3.0,307.0,11.2
1984,11-05,3.0,308.0,9.2
1984,11-06,3.0,309.0,9.9
1984,11-07,3.0,310.0,11.9
1984,11-08,3.0,311.0,15.6
1984,11-09,3.0,312.0,19.0
1984,11-10,3.0,313.0,12.8
1984,11-11,3.0,314.0,12.2
1984,11-12,3.0,315.0,12.0
1984,11-13,3.0,316.0,11.1
1984,11-14,3.0,317.0,11.8
1984,11-15,3.0,318.0,7.6
1984,11-16,3.0,319.0,13.0
1984,11-17,3.0,320.0,12.7
1984,11-18,3.0,321.0,16.0
1984,11-19,3.0,322.0,14.8
1984,11-20,3.0,323.0,14.2
1984,11-21,3.0,324.0,10.0
1984,11-22,3.0,325.0,8.8
1984,11-23,3.0,326.0,11.6
1984,11-24,3.0,327.0,8.6
1984,11-25,3.0,328.0,14.6
1984,11-26,3.0,329.0,24.3
1984,11-27,3.0,330.0,11.6
1984,11-28,3.0,331.0,10.8
1984,11-29,3.0,332.0,12.0
1984,11-30,3.0,333.0,11.0
1984,12-01,3.0,334.0,12.6
1984,12-02,3.0,335.0,10.8
1984,12-03,3.0,336.0,9.1
1984,12-04,3.0,337.0,11.0
1984,12-05,3.0,338.0,13.0
1984,12-06,3.0,339.0,12.8
1984,12-07,3.0,340.0,9.9
1984,12-08,3.0,341.0,11.6
1984,12-09,3.0,342.0,10.5
1984,12-10,3.0,343.0,15.9
1984,12-11,3.0,344.0,12.2
1984,12-12,3.0,345.0,13.0
1984,12-13,3.0,346.0,12.5
1984,12-14,3.0,347.0,12.5
1984,12-15,3.0,348.0,11.4
1984,12-16,3.0,349.0,12.1
1984,12-17,3.0,350.0,16.8
1984,12-18,3.0,351.0,12.1
1984,12-19,3.0,352.0,11.3
1984,12-20,3.0,353.0,10.4
1984,12-21,3.0,354.0,14.2
1984,12-22,3.0,355.0,11.4
1984,12-23,3.0,356.0,13.7
1984,12-24,3.0,357.0,16.5
1984,12-25,3.0,358.0,12.8
1984,12-26,3.0,359.0,12.2
1984,12-27,3.0,360.0,12.0
1984,12-28,3.0,361.0,12.6
1984,12-29,3.0,362.0,16.0
1984,12-30,3.0,363.0,16.4
1985,01-01,4.0,0.0,13.3
1985,01-02,4.0,1.0,15.2
1985,01-03,4.0,2.0,13.1
1985,01-04,4.0,3.0,12.7
1985,01-05,4.0,4.0,14.6
1985,01-06,4.0,5.0,11.0
1985,01-07,4.0,6.0,13.2
1985,01-08,4.0,7.0,12.2
1985,01-09,4.0,8.0,14.4
1985,01-10,4.0,9.0,13.7
1985,01-11,4.0,10.0,14.5
1985,01-12,4.0,11.0,14.1
1985,01-13,4.0,12.0,14.4
1985,01-14,4.0,13.0,19.7
1985,01-15,4.0,14.0,16.5
1985,01-16,4.0,15.0,15.9
1985,01-17,4.0,16.0,11.8
1985,01-18,4.0,17.0,12.0
1985,01-19,4.0,18.0,11.4
1985,01-20,4.0,19.0,14.4
1985,01-21,4.0,20.0,12.4
1985,01-22,4.0,21.0,15.1
1985,01-23,4.0,22.0,15.6
1985,01-24,4.0,23.0,15.2
1985,01-25,4.0,24.0,12.8
1985,01-26,4.0,25.0,13.3
1985,01-27,4.0,26.0,17.5
1985,01-28,4.0,27.0,15.4
1985,01-29,4.0,28.0,13.5
1985,01-30,4.0,29.0,16.7
1985,01-31,4.0,30.0,15.2
1985,02-01,4.0,31.0,14.9
1985,02-02,4.0,32.0,10.2
1985,02-03,4.0,33.0,13.6
1985,02-04,4.0,34.0,19.0
1985,02-05,4.0,35.0,15.7
1985,02-06,4.0,36.0,18.0
1985,02-07,4.0,37.0,14.8
1985,02-08,4.0,38.0,13.9
1985,02-09,4.0,39.0,13.0
1985,02-10,4.0,40.0,15.3
1985,02-11,4.0,41.0,14.3
1985,02-12,4.0,42.0,15.6
1985,02-13,4.0,43.0,16.0
1985,02-14,4.0,44.0,14.9
1985,02-15,4.0,45.0,11.1
1985,02-16,4.0,46.0,14.8
1985,02-17,4.0,47.0,13.0
1985,02-18,4.0,48.0,12.2
1985,02-19,4.0,49.0,10.9
1985,02-20,4.0,50.0,14.6
1985,02-21,4.0,51.0,16.6
1985,02-22,4.0,52.0,18.1
1985,02-23,4.0,53.0,13.4
1985,02-24,4.0,54.0,10.3
1985,02-25,4.0,55.0,13.6
1985,02-26,4.0,56.0,13.8
1985,02-27,4.0,57.0,10.3
1985,02-28,4.0,58.0,11.0
1985,03-01,4.0,59.0,14.3
1985,03-02,4.0,60.0,15.5
1985,03-03,4.0,61.0,14.7
1985,03-04,4.0,62.0,12.7
1985,03-05,4.0,63.0,10.7
1985,03-06,4.0,64.0,12.6
1985,03-07,4.0,65.0,9.8
1985,03-08,4.0,66.0,13.2
1985,03-09,4.0,67.0,15.2
1985,03-10,4.0,68.0,16.6
1985,03-11,4.0,69.0,21.0
1985,03-12,4.0,70.0,22.4
1985,03-13,4.0,71.0,17.0
1985,03-14,4.0,72.0,21.7
1985,03-15,4.0,73.0,21.4
1985,03-16,4.0,74.0,18.6
1985,03-17,4.0,75.0,16.2
1985,03-18,4.0,76.0,16.8
1985,03-19,4.0,77.0,17.0
1985,03-20,4.0,78.0,18.4
1985,03-21,4.0,79.0,17.2
1985,03-22,4.0,80.0,18.4
1985,03-23,4.0,81.0,18.8
1985,03-24,4.0,82.0,16.5
1985,03-25,4.0,83.0,13.3
1985,03-26,4.0,84.0,12.2
1985,03-27,4.0,85.0,11.3
1985,03-28,4.0,86.0,13.8
1985,03-29,4.0,87.0,16.6
1985,03-30,4.0,88.0,14.0
1985,03-31,4.0,89.0,14.3
1985,04-01,4.0,90.0,16.4
1985,04-02,4.0,91.0,11.9
1985,04-03,4.0,92.0,15.7
1985,04-04,4.0,93.0,17.6
1985,04-05,4.0,94.0,17.5
1985,04-06,4.0,95.0,15.9
1985,04-07,4.0,96.0,16.2
1985,04-08,4.0,97.0,16.0
1985,04-09,4.0,98.0,15.9
1985,04-10,4.0,99.0,16.2
1985,04-11,4.0,100.0,16.2
1985,04-12,4.0,101.0,19.5
1985,04-13,4.0,102.0,18.2
1985,04-14,4.0,103.0,21.8
1985,04-15,4.0,104.0,15.1
1985,04-16,4.0,105.0,11.0
1985,04-17,4.0,106.0,8.1
1985,04-18,4.0,107.0,9.5
1985,04-19,4.0,108.0,9.3
1985,04-20,4.0,109.0,10.6
1985,04-21,4.0,110.0,6.3
1985,04-22,4.0,111.0,8.6
1985,04-23,4.0,112.0,6.8
1985,04-24,4.0,113.0,8.7
1985,04-25,4.0,114.0,8.4
1985,04-26,4.0,115.0,9.3
1985,04-27,4.0,116.0,10.0
1985,04-28,4.0,117.0,10.5
1985,04-29,4.0,118.0,12.0
1985,04-30,4.0,119.0,10.1
1985,05-01,4.0,120.0,9.4
1985,05-02,4.0,121.0,10.1
1985,05-03,4.0,122.0,8.0
1985,05-04,4.0,123.0,10.6
1985,05-05,4.0,124.0,13.6
1985,05-06,4.0,125.0,15.4
1985,05-07,4.0,126.0,9.0
1985,05-08,4.0,127.0,10.4
1985,05-09,4.0,128.0,11.0
1985,05-10,4.0,129.0,12.1
1985,05-11,4.0,130.0,13.4
1985,05-12,4.0,131.0,11.3
1985,05-13,4.0,132.0,6.7
1985,05-14,4.0,133.0,9.8
1985,05-15,4.0,134.0,10.8
1985,05-16,4.0,135.0,7.8
1985,05-17,4.0,136.0,4.5
1985,05-18,4.0,137.0,7.6
1985,05-19,4.0,138.0,6.9
1985,05-20,4.0,139.0,7.5
1985,05-21,4.0,140.0,8.5
1985,05-22,4.0,141.0,5.5
1985,05-23,4.0,142.0,9.5
1985,05-24,4.0,143.0,7.3
1985,05-25,4.0,144.0,5.4
1985,05-26,4.0,145.0,5.5
1985,05-27,4.0,146.0,8.1
1985,05-28,4.0,147.0,11.2
1985,05-29,4.0,148.0,13.4
1985,05-30,4.0,149.0,11.6
1985,05-31,4.0,150.0,10.1
1985,06-01,4.0,151.0,4.3
1985,06-02,4.0,152.0,5.5
1985,06-03,4.0,153.0,4.4
1985,06-04,4.0,154.0,5.9
1985,06-05,4.0,155.0,5.7
1985,06-06,4.0,156.0,8.2
1985,06-07,4.0,157.0,8.2
1985,06-08,4.0,158.0,4.2
1985,06-09,4.0,159.0,6.5
1985,06-10,4.0,160.0,10.0
1985,06-11,4.0,161.0,8.8
1985,06-12,4.0,162.0,6.6
1985,06-13,4.0,163.0,7.8
1985,06-14,4.0,164.0,10.1
1985,06-15,4.0,165.0,7.1
1985,06-16,4.0,166.0,7.7
1985,06-17,4.0,167.0,8.5
1985,06-18,4.0,168.0,7.3
1985,06-19,4.0,169.0,6.9
1985,06-20,4.0,170.0,8.4
1985,06-21,4.0,171.0,7.1
1985,06-22,4.0,172.0,6.3
1985,06-23,4.0,173.0,0.6
1985,06-24,4.0,174.0,1.6
1985,06-25,4.0,175.0,7.0
1985,06-26,4.0,176.0,8.3
1985,06-27,4.0,177.0,8.0
1985,06-28,4.0,178.0,10.2
1985,06-29,4.0,179.0,10.6
1985,06-30,4.0,180.0,10.4
1985,07-01,4.0,181.0,11.6
1985,07-02,4.0,182.0,11.0
1985,07-03,4.0,183.0,10.7
1985,07-04,4.0,184.0,7.3
1985,07-05,4.0,185.0,4.2
1985,07-06,4.0,186.0,4.7
1985,07-07,4.0,187.0,5.6
1985,07-08,4.0,188.0,7.7
1985,07-09,4.0,189.0,7.5
1985,07-10,4.0,190.0,4.9
1985,07-11,4.0,191.0,5.9
1985,07-12,4.0,192.0,7.8
1985,07-13,4.0,193.0,5.8
1985,07-14,4.0,194.0,7.0
1985,07-15,4.0,195.0,8.4
1985,07-16,4.0,196.0,6.2
1985,07-17,4.0,197.0,7.5
1985,07-18,4.0,198.0,4.8
1985,07-19,4.0,199.0,3.3
1985,07-20,4.0,200.0,3.2
1985,07-21,4.0,201.0,7.0
1985,07-22,4.0,202.0,8.4
1985,07-23,4.0,203.0,0.3
1985,07-24,4.0,204.0,0.3
1985,07-25,4.0,205.0,2.1
1985,07-26,4.0,206.0,8.5
1985,07-27,4.0,207.0,1.4
1985,07-28,4.0,208.0,4.1
1985,07-29,4.0,209.0,10.3
1985,07-30,4.0,210.0,6.6
1985,07-31,4.0,211.0,6.1
1985,08-01,4.0,212.0,7.0
1985,08-02,4.0,213.0,5.1
1985,08-03,4.0,214.0,6.3
1985,08-04,4.0,215.0,6.9
1985,08-05,4.0,216.0,11.4
1985,08-06,4.0,217.0,10.4
1985,08-07,4.0,218.0,10.3
1985,08-08,4.0,219.0,9.2
1985,08-09,4.0,220.0,7.2
1985,08-10,4.0,221.0,7.5
1985,08-11,4.0,222.0,4.0
1985,08-12,4.0,223.0,5.6
1985,08-13,4.0,224.0,6.7
1985,08-14,4.0,225.0,8.4
1985,08-15,4.0,226.0,11.0
1985,08-16,4.0,227.0,8.4
1985,08-17,4.0,228.0,8.8
1985,08-18,4.0,229.0,8.6
1985,08-19,4.0,230.0,8.3
1985,08-20,4.0,231.0,4.0
1985,08-21,4.0,232.0,3.6
1985,08-22,4.0,233.0,5.7
1985,08-23,4.0,234.0,10.6
1985,08-24,4.0,235.0,6.9
1985,08-25,4.0,236.0,10.0
1985,08-26,4.0,237.0,9.8
1985,08-27,4.0,238.0,7.2
1985,08-28,4.0,239.0,10.5
1985,08-29,4.0,240.0,3.6
1985,08-30,4.0,241.0,5.3
1985,08-31,4.0,242.0,8.4
1985,09-01,4.0,243.0,10.3
1985,09-02,4.0,244.0,7.9
1985,09-03,4.0,245.0,8.5
1985,09-04,4.0,246.0,7.9
1985,09-05,4.0,247.0,8.0
1985,09-06,4.0,248.0,9.8
1985,09-07,4.0,249.0,6.7
1985,09-08,4.0,250.0,4.8
1985,09-09,4.0,251.0,9.9
1985,09-10,4.0,252.0,12.8
1985,09-11,4.0,253.0,10.9
1985,09-12,4.0,254.0,11.7
1985,09-13,4.0,255.0,11.7
1985,09-14,4.0,256.0,11.0
1985,09-15,4.0,257.0,8.2
1985,09-16,4.0,258.0,7.5
1985,09-17,4.0,259.0,5.4
1985,09-18,4.0,260.0,7.2
1985,09-19,4.0,261.0,9.7
1985,09-20,4.0,262.0,8.4
1985,09-21,4.0,263.0,9.0
1985,09-22,4.0,264.0,8.7
1985,09-23,4.0,265.0,6.6
1985,09-24,4.0,266.0,11.6
1985,09-25,4.0,267.0,13.1
1985,09-26,4.0,268.0,6.7
1985,09-27,4.0,269.0,6.5
1985,09-28,4.0,270.0,7.7
1985,09-29,4.0,271.0,8.7
1985,09-30,4.0,272.0,7.2
1985,10-01,4.0,273.0,10.5
1985,10-02,4.0,274.0,8.6
1985,10-03,4.0,275.0,7.2
1985,10-04,4.0,276.0,11.4
1985,10-05,4.0,277.0,16.2
1985,10-06,4.0,278.0,6.1
1985,10-07,4.0,279.0,9.6
1985,10-08,4.0,280.0,11.1
1985,10-09,4.0,281.0,13.6
1985,10-10,4.0,282.0,10.7
1985,10-11,4.0,283.0,14.7
1985,10-12,4.0,284.0,11.6
1985,10-13,4.0,285.0,7.3
1985,10-14,4.0,286.0,8.0
1985,10-15,4.0,287.0,9.6
1985,10-16,4.0,288.0,16.0
1985,10-17,4.0,289.0,15.1
1985,10-18,4.0,290.0,12.8
1985,10-19,4.0,291.0,6.2
1985,10-20,4.0,292.0,7.1
1985,10-21,4.0,293.0,8.4
1985,10-22,4.0,294.0,10.0
1985,10-23,4.0,295.0,12.7
1985,10-24,4.0,296.0,10.0
1985,10-25,4.0,297.0,10.2
1985,10-26,4.0,298.0,6.5
1985,10-27,4.0,299.0,9.2
1985,10-28,4.0,300.0,11.9
1985,10-29,4.0,301.0,14.7
1985,10-30,4.0,302.0,11.4
1985,10-31,4.0,303.0,6.8
1985,11-01,4.0,304.0,7.4
1985,11-02,4.0,305.0,11.2
1985,11-03,4.0,306.0,9.2
1985,11-04,4.0,307.0,12.6
1985,11-05,4.0,308.0,16.0
1985,11-06,4.0,309.0,17.1
1985,11-07,4.0,310.0,15.3
1985,11-08,4.0,311.0,13.3
1985,11-09,4.0,312.0,15.4
1985,11-10,4.0,313.0,13.2
1985,11-11,4.0,314.0,14.4
1985,11-12,4.0,315.0,14.0
1985,11-13,4.0,316.0,15.5
1985,11-14,4.0,317.0,21.0
1985,11-15,4.0,318.0,10.0
1985,11-16,4.0,319.0,9.6
1985,11-17,4.0,320.0,12.0
1985,11-18,4.0,321.0,12.2
1985,11-19,4.0,322.0,11.3
1985,11-20,4.0,323.0,13.2
1985,11-21,4.0,324.0,10.5
1985,11-22,4.0,325.0,10.1
1985,11-23,4.0,326.0,8.8
1985,11-24,4.0,327.0,13.7
1985,11-25,4.0,328.0,16.2
1985,11-26,4.0,329.0,16.0
1985,11-27,4.0,330.0,14.0
1985,11-28,4.0,331.0,13.7
1985,11-29,4.0,332.0,12.5
1985,11-30,4.0,333.0,12.8
1985,12-01,4.0,334.0,12.3
1985,12-02,4.0,335.0,15.2
1985,12-03,4.0,336.0,15.0
1985,12-04,4.0,337.0,16.4
1985,12-05,4.0,338.0,16.1
1985,12-06,4.0,339.0,14.6
1985,12-07,4.0,340.0,18.2
1985,12-08,4.0,341.0,16.4
1985,12-09,4.0,342.0,16.6
1985,12-10,4.0,343.0,14.7
1985,12-11,4.0,344.0,15.8
1985,12-12,4.0,345.0,14.1
1985,12-13,4.0,346.0,13.5
1985,12-14,4.0,347.0,13.6
1985,12-15,4.0,348.0,13.7
1985,12-16,4.0,349.0,13.6
1985,12-17,4.0,350.0,12.1
1985,12-18,4.0,351.0,12.7
1985,12-19,4.0,352.0,13.3
1985,12-20,4.0,353.0,14.2
1985,12-21,4.0,354.0,15.0
1985,12-22,4.0,355.0,13.7
1985,12-23,4.0,356.0,12.0
1985,12-24,4.0,357.0,13.1
1985,12-25,4.0,358.0,13.2
1985,12-26,4.0,359.0,13.3
1985,12-27,4.0,360.0,11.5
1985,12-28,4.0,361.0,10.8
1985,12-29,4.0,362.0,12.0
1985,12-30,4.0,363.0,16.3
1985,12-31,4.0,364.0,14.4
1986,01-01,5.0,0.0,12.9
1986,01-02,5.0,1.0,13.8
1986,01-03,5.0,2.0,10.6
1986,01-04,5.0,3.0,12.6
1986,01-05,5.0,4.0,13.7
1986,01-06,5.0,5.0,12.6
1986,01-07,5.0,6.0,13.1
1986,01-08,5.0,7.0,15.4
1986,01-09,5.0,8.0,11.9
1986,01-10,5.0,9.0,13.8
1986,01-11,5.0,10.0,14.4
1986,01-12,5.0,11.0,15.2
1986,01-13,5.0,12.0,12.5
1986,01-14,5.0,13.0,12.2
1986,01-15,5.0,14.0,16.1
1986,01-16,5.0,15.0,14.6
1986,01-17,5.0,16.0,11.6
1986,01-18,5.0,17.0,13.1
1986,01-19,5.0,18.0,12.8
1986,01-20,5.0,19.0,15.2
1986,01-21,5.0,20.0,13.8
1986,01-22,5.0,21.0,15.0
1986,01-23,5.0,22.0,13.5
1986,01-24,5.0,23.0,11.8
1986,01-25,5.0,24.0,15.3
1986,01-26,5.0,25.0,13.5
1986,01-27,5.0,26.0,15.3
1986,01-28,5.0,27.0,13.8
1986,01-29,5.0,28.0,15.8
1986,01-30,5.0,29.0,17.4
1986,01-31,5.0,30.0,15.3
1986,02-01,5.0,31.0,14.6
1986,02-02,5.0,32.0,14.8
1986,02-03,5.0,33.0,10.7
1986,02-04,5.0,34.0,11.6
1986,02-05,5.0,35.0,13.6
1986,02-06,5.0,36.0,14.4
1986,02-07,5.0,37.0,11.8
1986,02-08,5.0,38.0,15.8
1986,02-09,5.0,39.0,16.0
1986,02-10,5.0,40.0,11.8
1986,02-11,5.0,41.0,14.5
1986,02-12,5.0,42.0,10.7
1986,02-13,5.0,43.0,14.2
1986,02-14,5.0,44.0,19.5
1986,02-15,5.0,45.0,21.4
1986,02-16,5.0,46.0,17.9
1986,02-17,5.0,47.0,17.4
1986,02-18,5.0,48.0,12.7
1986,02-19,5.0,49.0,13.8
1986,02-20,5.0,50.0,14.0
1986,02-21,5.0,51.0,15.0
1986,02-22,5.0,52.0,14.5
1986,02-23,5.0,53.0,13.1
1986,02-24,5.0,54.0,11.4
1986,02-25,5.0,55.0,12.5
1986,02-26,5.0,56.0,12.0
1986,02-27,5.0,57.0,13.4
1986,02-28,5.0,58.0,14.4
1986,03-01,5.0,59.0,17.7
1986,03-02,5.0,60.0,13.9
1986,03-03,5.0,61.0,13.3
1986,03-04,5.0,62.0,14.6
1986,03-05,5.0,63.0,16.4
1986,03-06,5.0,64.0,16.8
1986,03-07,5.0,65.0,20.0
1986,03-08,5.0,66.0,12.5
1986,03-09,5.0,67.0,12.7
1986,03-10,5.0,68.0,11.7
1986,03-11,5.0,69.0,12.7
1986,03-12,5.0,70.0,8.6
1986,03-13,5.0,71.0,11.9
1986,03-14,5.0,72.0,16.0
1986,03-15,5.0,73.0,15.2
1986,03-16,5.0,74.0,13.4
1986,03-17,5.0,75.0,11.6
1986,03-18,5.0,76.0,11.1
1986,03-19,5.0,77.0,15.6
1986,03-20,5.0,78.0,17.0
1986,03-21,5.0,79.0,18.5
1986,03-22,5.0,80.0,17.4
1986,03-23,5.0,81.0,16.5
1986,03-24,5.0,82.0,16.2
1986,03-25,5.0,83.0,16.1
1986,03-26,5.0,84.0,13.2
1986,03-27,5.0,85.0,18.0
1986,03-28,5.0,86.0,12.8
1986,03-29,5.0,87.0,11.7
1986,03-30,5.0,88.0,16.7
1986,03-31,5.0,89.0,15.6
1986,04-01,5.0,90.0,10.2
1986,04-02,5.0,91.0,10.3
1986,04-03,5.0,92.0,15.0
1986,04-04,5.0,93.0,18.0
1986,04-05,5.0,94.0,13.8
1986,04-06,5.0,95.0,10.5
1986,04-07,5.0,96.0,11.8
1986,04-08,5.0,97.0,7.2
1986,04-09,5.0,98.0,11.6
1986,04-10,5.0,99.0,7.4
1986,04-11,5.0,100.0,14.2
1986,04-12,5.0,101.0,12.2
1986,04-13,5.0,102.0,9.0
1986,04-14,5.0,103.0,12.3
1986,04-15,5.0,104.0,19.7
1986,04-16,5.0,105.0,12.8
1986,04-17,5.0,106.0,12.4
1986,04-18,5.0,107.0,12.0
1986,04-19,5.0,108.0,12.0
1986,04-20,5.0,109.0,11.1
1986,04-21,5.0,110.0,12.7
1986,04-22,5.0,111.0,14.2
1986,04-23,5.0,112.0,11.6
1986,04-24,5.0,113.0,12.0
1986,04-25,5.0,114.0,11.5
1986,04-26,5.0,115.0,8.3
1986,04-27,5.0,116.0,10.5
1986,04-28,5.0,117.0,9.0
1986,04-29,5.0,118.0,6.9
1986,04-30,5.0,119.0,9.4
1986,05-01,5.0,120.0,11.1
1986,05-02,5.0,121.0,9.1
1986,05-03,5.0,122.0,7.7
1986,05-04,5.0,123.0,10.0
1986,05-05,5.0,124.0,10.4
1986,05-06,5.0,125.0,8.0
1986,05-07,5.0,126.0,9.8
1986,05-08,5.0,127.0,12.4
1986,05-09,5.0,128.0,12.9
1986,05-10,5.0,129.0,12.3
1986,05-11,5.0,130.0,6.9
1986,05-12,5.0,131.0,10.5
1986,05-13,5.0,132.0,11.0
1986,05-14,5.0,133.0,9.7
1986,05-15,5.0,134.0,11.1
1986,05-16,5.0,135.0,11.5
1986,05-17,5.0,136.0,13.4
1986,05-18,5.0,137.0,10.9
1986,05-19,5.0,138.0,12.0
1986,05-20,5.0,139.0,12.1
1986,05-21,5.0,140.0,10.4
1986,05-22,5.0,141.0,10.0
1986,05-23,5.0,142.0,9.6
1986,05-24,5.0,143.0,11.3
1986,05-25,5.0,144.0,8.5
1986,05-26,5.0,145.0,6.3
1986,05-27,5.0,146.0,8.2
1986,05-28,5.0,147.0,10.7
1986,05-29,5.0,148.0,10.3
1986,05-30,5.0,149.0,9.5
1986,05-31,5.0,150.0,10.9
1986,06-01,5.0,151.0,10.9
1986,06-02,5.0,152.0,4.3
1986,06-03,5.0,153.0,5.2
1986,06-04,5.0,154.0,11.0
1986,06-05,5.0,155.0,11.6
1986,06-06,5.0,156.0,10.6
1986,06-07,5.0,157.0,9.4
1986,06-08,5.0,158.0,10.0
1986,06-09,5.0,159.0,9.6
1986,06-10,5.0,160.0,9.5
1986,06-11,5.0,161.0,9.7
1986,06-12,5.0,162.0,9.6
1986,06-13,5.0,163.0,7.0
1986,06-14,5.0,164.0,7.0
1986,06-15,5.0,165.0,6.8
1986,06-16,5.0,166.0,6.9
1986,06-17,5.0,167.0,8.0
1986,06-18,5.0,168.0,7.6
1986,06-19,5.0,169.0,8.6
1986,06-20,5.0,170.0,5.7
1986,06-21,5.0,171.0,5.5
1986,06-22,5.0,172.0,5.7
1986,06-23,5.0,173.0,5.7
1986,06-24,5.0,174.0,6.6
1986,06-25,5.0,175.0,6.0
1986,06-26,5.0,176.0,6.9
1986,06-27,5.0,177.0,7.7
1986,06-28,5.0,178.0,8.0
1986,06-29,5.0,179.0,3.9
1986,06-30,5.0,180.0,0.8
1986,07-01,5.0,181.0,2.8
1986,07-02,5.0,182.0,8.0
1986,07-03,5.0,183.0,9.8
1986,07-04,5.0,184.0,11.4
1986,07-05,5.0,185.0,8.6
1986,07-06,5.0,186.0,5.2
1986,07-07,5.0,187.0,6.6
1986,07-08,5.0,188.0,5.7
1986,07-09,5.0,189.0,4.6
1986,07-10,5.0,190.0,5.8
1986,07-11,5.0,191.0,7.0
1986,07-12,5.0,192.0,4.8
1986,07-13,5.0,193.0,4.4
1986,07-14,5.0,194.0,4.4
1986,07-15,5.0,195.0,7.9
1986,07-16,5.0,196.0,10.6
1986,07-17,5.0,197.0,5.0
1986,07-18,5.0,198.0,7.6
1986,07-19,5.0,199.0,9.2
1986,07-20,5.0,200.0,9.7
1986,07-21,5.0,201.0,8.8
1986,07-22,5.0,202.0,6.8
1986,07-23,5.0,203.0,9.4
1986,07-24,5.0,204.0,11.0
1986,07-25,5.0,205.0,2.5
1986,07-26,5.0,206.0,2.1
1986,07-27,5.0,207.0,5.4
1986,07-28,5.0,208.0,6.2
1986,07-29,5.0,209.0,7.8
1986,07-30,5.0,210.0,7.4
1986,07-31,5.0,211.0,9.3
1986,08-01,5.0,212.0,9.3
1986,08-02,5.0,213.0,9.5
1986,08-03,5.0,214.0,8.5
1986,08-04,5.0,215.0,10.0
1986,08-05,5.0,216.0,7.7
1986,08-06,5.0,217.0,9.3
1986,08-07,5.0,218.0,9.1
1986,08-08,5.0,219.0,3.5
1986,08-09,5.0,220.0,3.6
1986,08-10,5.0,221.0,2.5
1986,08-11,5.0,222.0,1.7
1986,08-12,5.0,223.0,2.7
1986,08-13,5.0,224.0,2.9
1986,08-14,5.0,225.0,5.3
1986,08-15,5.0,226.0,7.7
1986,08-16,5.0,227.0,9.1
1986,08-17,5.0,228.0,9.4
1986,08-18,5.0,229.0,7.3
1986,08-19,5.0,230.0,8.4
1986,08-20,5.0,231.0,9.2
1986,08-21,5.0,232.0,6.6
1986,08-22,5.0,233.0,9.7
1986,08-23,5.0,234.0,12.4
1986,08-24,5.0,235.0,10.2
1986,08-25,5.0,236.0,5.9
1986,08-26,5.0,237.0,7.1
1986,08-27,5.0,238.0,7.5
1986,08-28,5.0,239.0,9.7
1986,08-29,5.0,240.0,12.2
1986,08-30,5.0,241.0,5.6
1986,08-31,5.0,242.0,5.4
1986,09-01,5.0,243.0,8.3
1986,09-02,5.0,244.0,10.6
1986,09-03,5.0,245.0,9.1
1986,09-04,5.0,246.0,11.3
1986,09-05,5.0,247.0,10.9
1986,09-06,5.0,248.0,8.9
1986,09-07,5.0,249.0,6.3
1986,09-08,5.0,250.0,9.0
1986,09-09,5.0,251.0,6.1
1986,09-10,5.0,252.0,9.1
1986,09-11,5.0,253.0,9.6
1986,09-12,5.0,254.0,6.0
1986,09-13,5.0,255.0,10.0
1986,09-14,5.0,256.0,11.0
1986,09-15,5.0,257.0,6.2
1986,09-16,5.0,258.0,8.3
1986,09-17,5.0,259.0,11.3
1986,09-18,5.0,260.0,11.3
1986,09-19,5.0,261.0,6.7
1986,09-20,5.0,262.0,6.6
1986,09-21,5.0,263.0,11.4
1986,09-22,5.0,264.0,6.9
1986,09-23,5.0,265.0,10.6
1986,09-24,5.0,266.0,8.6
1986,09-25,5.0,267.0,11.3
1986,09-26,5.0,268.0,12.5
1986,09-27,5.0,269.0,9.9
1986,09-28,5.0,270.0,6.9
1986,09-29,5.0,271.0,5.5
1986,09-30,5.0,272.0,7.8
1986,10-01,5.0,273.0,11.0
1986,10-02,5.0,274.0,16.2
1986,10-03,5.0,275.0,9.9
1986,10-04,5.0,276.0,8.7
1986,10-05,5.0,277.0,10.5
1986,10-06,5.0,278.0,12.2
1986,10-07,5.0,279.0,10.6
1986,10-08,5.0,280.0,8.3
1986,10-09,5.0,281.0,5.5
1986,10-10,5.0,282.0,9.0
1986,10-11,5.0,283.0,6.4
1986,10-12,5.0,284.0,7.2
1986,10-13,5.0,285.0,12.9
1986,10-14,5.0,286.0,12.0
1986,10-15,5.0,287.0,7.3
1986,10-16,5.0,288.0,9.7
1986,10-17,5.0,289.0,8.4
1986,10-18,5.0,290.0,14.7
1986,10-19,5.0,291.0,9.5
1986,10-20,5.0,292.0,7.9
1986,10-21,5.0,293.0,6.8
1986,10-22,5.0,294.0,12.6
1986,10-23,5.0,295.0,5.2
1986,10-24,5.0,296.0,7.5
1986,10-25,5.0,297.0,8.7
1986,10-26,5.0,298.0,7.6
1986,10-27,5.0,299.0,9.0
1986,10-28,5.0,300.0,7.2
1986,10-29,5.0,301.0,10.7
1986,10-30,5.0,302.0,13.1
1986,10-31,5.0,303.0,13.9
1986,11-01,5.0,304.0,10.8
1986,11-02,5.0,305.0,10.4
1986,11-03,5.0,306.0,9.1
1986,11-04,5.0,307.0,16.0
1986,11-05,5.0,308.0,21.0
1986,11-06,5.0,309.0,16.2
1986,11-07,5.0,310.0,8.6
1986,11-08,5.0,311.0,9.2
1986,11-09,5.0,312.0,12.5
1986,11-10,5.0,313.0,9.7
1986,11-11,5.0,314.0,12.5
1986,11-12,5.0,315.0,10.3
1986,11-13,5.0,316.0,12.0
1986,11-14,5.0,317.0,11.0
1986,11-15,5.0,318.0,14.8
1986,11-16,5.0,319.0,15.0
1986,11-17,5.0,320.0,15.3
1986,11-18,5.0,321.0,10.3
1986,11-19,5.0,322.0,10.7
1986,11-20,5.0,323.0,10.5
1986,11-21,5.0,324.0,8.9
1986,11-22,5.0,325.0,8.1
1986,11-23,5.0,326.0,11.5
1986,11-24,5.0,327.0,12.8
1986,11-25,5.0,328.0,9.1
1986,11-26,5.0,329.0,14.6
1986,11-27,5.0,330.0,11.6
1986,11-28,5.0,331.0,11.2
1986,11-29,5.0,332.0,12.6
1986,11-30,5.0,333.0,7.5
1986,12-01,5.0,334.0,11.0
1986,12-02,5.0,335.0,14.5
1986,12-03,5.0,336.0,18.5
1986,12-04,5.0,337.0,15.4
1986,12-05,5.0,338.0,13.1
1986,12-06,5.0,339.0,16.3
1986,12-07,5.0,340.0,20.2
1986,12-08,5.0,341.0,11.5
1986,12-09,5.0,342.0,12.4
1986,12-10,5.0,343.0,10.9
1986,12-11,5.0,344.0,12.7
1986,12-12,5.0,345.0,12.2
1986,12-13,5.0,346.0,12.4
1986,12-14,5.0,347.0,9.8
1986,12-15,5.0,348.0,8.5
1986,12-16,5.0,349.0,14.7
1986,12-17,5.0,350.0,12.0
1986,12-18,5.0,351.0,10.3
1986,12-19,5.0,352.0,11.0
1986,12-20,5.0,353.0,10.2
1986,12-21,5.0,354.0,12.6
1986,12-22,5.0,355.0,11.6
1986,12-23,5.0,356.0,9.7
1986,12-24,5.0,357.0,13.4
1986,12-25,5.0,358.0,10.5
1986,12-26,5.0,359.0,14.7
1986,12-27,5.0,360.0,14.6
1986,12-28,5.0,361.0,14.2
1986,12-29,5.0,362.0,13.2
1986,12-30,5.0,363.0,11.7
1986,12-31,5.0,364.0,17.2
1987,01-01,6.0,0.0,12.3
1987,01-02,6.0,1.0,13.8
1987,01-03,6.0,2.0,15.3
1987,01-04,6.0,3.0,15.6
1987,01-05,6.0,4.0,16.2
1987,01-06,6.0,5.0,16.3
1987,01-07,6.0,6.0,16.8
1987,01-08,6.0,7.0,11.0
1987,01-09,6.0,8.0,8.5
1987,01-10,6.0,9.0,13.2
1987,01-11,6.0,10.0,13.0
1987,01-12,6.0,11.0,12.4
1987,01-13,6.0,12.0,13.0
1987,01-14,6.0,13.0,16.6
1987,01-15,6.0,14.0,12.0
1987,01-16,6.0,15.0,12.4
1987,01-17,6.0,16.0,15.0
1987,01-18,6.0,17.0,11.8
1987,01-19,6.0,18.0,11.6
1987,01-20,6.0,19.0,12.2
1987,01-21,6.0,20.0,13.7
1987,01-22,6.0,21.0,11.2
1987,01-23,6.0,22.0,12.4
1987,01-24,6.0,23.0,11.5
1987,01-25,6.0,24.0,13.8
1987,01-26,6.0,25.0,15.7
1987,01-27,6.0,26.0,12.9
1987,01-28,6.0,27.0,11.5
1987,01-29,6.0,28.0,11.0
1987,01-30,6.0,29.0,12.7
1987,01-31,6.0,30.0,14.9
1987,02-01,6.0,31.0,16.5
1987,02-02,6.0,32.0,12.8
1987,02-03,6.0,33.0,12.7
1987,02-04,6.0,34.0,12.7
1987,02-05,6.0,35.0,11.6
1987,02-06,6.0,36.0,13.3
1987,02-07,6.0,37.0,15.2
1987,02-08,6.0,38.0,16.4
1987,02-09,6.0,39.0,11.9
1987,02-10,6.0,40.0,15.1
1987,02-11,6.0,41.0,10.6
1987,02-12,6.0,42.0,13.6
1987,02-13,6.0,43.0,12.1
1987,02-14,6.0,44.0,16.0
1987,02-15,6.0,45.0,16.8
1987,02-16,6.0,46.0,16.6
1987,02-17,6.0,47.0,15.6
1987,02-18,6.0,48.0,15.2
1987,02-19,6.0,49.0,17.7
1987,02-20,6.0,50.0,21.0
1987,02-21,6.0,51.0,13.4
1987,02-22,6.0,52.0,10.5
1987,02-23,6.0,53.0,9.5
1987,02-24,6.0,54.0,12.0
1987,02-25,6.0,55.0,10.4
1987,02-26,6.0,56.0,11.5
1987,02-27,6.0,57.0,13.2
1987,02-28,6.0,58.0,15.0
1987,03-01,6.0,59.0,14.1
1987,03-02,6.0,60.0,12.4
1987,03-03,6.0,61.0,13.4
1987,03-04,6.0,62.0,12.5
1987,03-05,6.0,63.0,14.3
1987,03-06,6.0,64.0,17.6
1987,03-07,6.0,65.0,10.4
1987,03-08,6.0,66.0,9.9
1987,03-09,6.0,67.0,10.2
1987,03-10,6.0,68.0,11.3
1987,03-11,6.0,69.0,9.5
1987,03-12,6.0,70.0,11.8
1987,03-13,6.0,71.0,11.5
1987,03-14,6.0,72.0,10.5
1987,03-15,6.0,73.0,10.8
1987,03-16,6.0,74.0,13.0
1987,03-17,6.0,75.0,18.5
1987,03-18,6.0,76.0,18.7
1987,03-19,6.0,77.0,15.0
1987,03-20,6.0,78.0,13.0
1987,03-21,6.0,79.0,11.3
1987,03-22,6.0,80.0,13.0
1987,03-23,6.0,81.0,13.3
1987,03-24,6.0,82.0,11.0
1987,03-25,6.0,83.0,10.3
1987,03-26,6.0,84.0,13.0
1987,03-27,6.0,85.0,12.3
1987,03-28,6.0,86.0,15.6
1987,03-29,6.0,87.0,10.2
1987,03-30,6.0,88.0,10.8
1987,03-31,6.0,89.0,12.0
1987,04-01,6.0,90.0,13.3
1987,04-02,6.0,91.0,11.7
1987,04-03,6.0,92.0,12.5
1987,04-04,6.0,93.0,13.7
1987,04-05,6.0,94.0,14.9
1987,04-06,6.0,95.0,20.2
1987,04-07,6.0,96.0,16.3
1987,04-08,6.0,97.0,13.9
1987,04-09,6.0,98.0,10.1
1987,04-10,6.0,99.0,7.3
1987,04-11,6.0,100.0,14.0
1987,04-12,6.0,101.0,17.7
1987,04-13,6.0,102.0,16.3
1987,04-14,6.0,103.0,10.6
1987,04-15,6.0,104.0,9.7
1987,04-16,6.0,105.0,7.8
1987,04-17,6.0,106.0,10.4
1987,04-18,6.0,107.0,10.4
1987,04-19,6.0,108.0,14.1
1987,04-20,6.0,109.0,7.1
1987,04-21,6.0,110.0,8.1
1987,04-22,6.0,111.0,7.8
1987,04-23,6.0,112.0,10.6
1987,04-24,6.0,113.0,9.1
1987,04-25,6.0,114.0,9.0
1987,04-26,6.0,115.0,11.9
1987,04-27,6.0,116.0,17.1
1987,04-28,6.0,117.0,16.8
1987,04-29,6.0,118.0,13.5
1987,04-30,6.0,119.0,11.6
1987,05-01,6.0,120.0,7.0
1987,05-02,6.0,121.0,9.7
1987,05-03,6.0,122.0,9.9
1987,05-04,6.0,123.0,11.2
1987,05-05,6.0,124.0,11.3
1987,05-06,6.0,125.0,11.8
1987,05-07,6.0,126.0,9.9
1987,05-08,6.0,127.0,7.1
1987,05-09,6.0,128.0,9.6
1987,05-10,6.0,129.0,9.8
1987,05-11,6.0,130.0,10.6
1987,05-12,6.0,131.0,12.8
1987,05-13,6.0,132.0,16.5
1987,05-14,6.0,133.0,11.7
1987,05-15,6.0,134.0,12.3
1987,05-16,6.0,135.0,12.2
1987,05-17,6.0,136.0,11.8
1987,05-18,6.0,137.0,10.7
1987,05-19,6.0,138.0,10.2
1987,05-20,6.0,139.0,10.0
1987,05-21,6.0,140.0,8.3
1987,05-22,6.0,141.0,6.6
1987,05-23,6.0,142.0,9.5
1987,05-24,6.0,143.0,12.3
1987,05-25,6.0,144.0,7.6
1987,05-26,6.0,145.0,9.3
1987,05-27,6.0,146.0,5.0
1987,05-28,6.0,147.0,4.3
1987,05-29,6.0,148.0,6.4
1987,05-30,6.0,149.0,10.8
1987,05-31,6.0,150.0,7.8
1987,06-01,6.0,151.0,8.5
1987,06-02,6.0,152.0,9.7
1987,06-03,6.0,153.0,10.0
1987,06-04,6.0,154.0,11.0
1987,06-05,6.0,155.0,10.2
1987,06-06,6.0,156.0,6.6
1987,06-07,6.0,157.0,6.1
1987,06-08,6.0,158.0,5.9
1987,06-09,6.0,159.0,8.9
1987,06-10,6.0,160.0,13.0
1987,06-11,6.0,161.0,12.6
1987,06-12,6.0,162.0,5.4
1987,06-13,6.0,163.0,6.0
1987,06-14,6.0,164.0,7.8
1987,06-15,6.0,165.0,9.0
1987,06-16,6.0,166.0,4.2
1987,06-17,6.0,167.0,3.0
1987,06-18,6.0,168.0,4.5
1987,06-19,6.0,169.0,6.2
1987,06-20,6.0,170.0,11.9
1987,06-21,6.0,171.0,11.8
1987,06-22,6.0,172.0,9.4
1987,06-23,6.0,173.0,9.6
1987,06-24,6.0,174.0,9.4
1987,06-25,6.0,175.0,7.0
1987,06-26,6.0,176.0,8.9
1987,06-27,6.0,177.0,9.3
1987,06-28,6.0,178.0,6.8
1987,06-29,6.0,179.0,7.5
1987,06-30,6.0,180.0,8.0
1987,07-01,6.0,181.0,8.3
1987,07-02,6.0,182.0,2.7
1987,07-03,6.0,183.0,3.9
1987,07-04,6.0,184.0,4.1
1987,07-05,6.0,185.0,5.0
1987,07-06,6.0,186.0,5.8
1987,07-07,6.0,187.0,4.4
1987,07-08,6.0,188.0,4.1
1987,07-09,6.0,189.0,5.8
1987,07-10,6.0,190.0,9.1
1987,07-11,6.0,191.0,7.9
1987,07-12,6.0,192.0,5.0
1987,07-13,6.0,193.0,2.8
1987,07-14,6.0,194.0,4.7
1987,07-15,6.0,195.0,8.9
1987,07-16,6.0,196.0,5.4
1987,07-17,6.0,197.0,7.1
1987,07-18,6.0,198.0,9.0
1987,07-19,6.0,199.0,9.4
1987,07-20,6.0,200.0,6.3
1987,07-21,6.0,201.0,7.0
1987,07-22,6.0,202.0,6.4
1987,07-23,6.0,203.0,6.7
1987,07-24,6.0,204.0,1.5
1987,07-25,6.0,205.0,2.9
1987,07-26,6.0,206.0,4.8
1987,07-27,6.0,207.0,6.3
1987,07-28,6.0,208.0,5.7
1987,07-29,6.0,209.0,7.0
1987,07-30,6.0,210.0,8.8
1987,07-31,6.0,211.0,8.7
1987,08-01,6.0,212.0,9.0
1987,08-02,6.0,213.0,9.6
1987,08-03,6.0,214.0,8.0
1987,08-04,6.0,215.0,8.4
1987,08-05,6.0,216.0,8.1
1987,08-06,6.0,217.0,9.0
1987,08-07,6.0,218.0,5.3
1987,08-08,6.0,219.0,8.9
1987,08-09,6.0,220.0,8.7
1987,08-10,6.0,221.0,4.9
1987,08-11,6.0,222.0,7.0
1987,08-12,6.0,223.0,7.5
1987,08-13,6.0,224.0,7.0
1987,08-14,6.0,225.0,9.1
1987,08-15,6.0,226.0,11.8
1987,08-16,6.0,227.0,9.9
1987,08-17,6.0,228.0,5.6
1987,08-18,6.0,229.0,4.2
1987,08-19,6.0,230.0,4.3
1987,08-20,6.0,231.0,8.0
1987,08-21,6.0,232.0,5.1
1987,08-22,6.0,233.0,9.4
1987,08-23,6.0,234.0,9.1
1987,08-24,6.0,235.0,9.7
1987,08-25,6.0,236.0,10.6
1987,08-26,6.0,237.0,8.6
1987,08-27,6.0,238.0,10.1
1987,08-28,6.0,239.0,11.0
1987,08-29,6.0,240.0,9.7
1987,08-30,6.0,241.0,5.0
1987,08-31,6.0,242.0,6.1
1987,09-01,6.0,243.0,5.4
1987,09-02,6.0,244.0,5.8
1987,09-03,6.0,245.0,7.3
1987,09-04,6.0,246.0,6.3
1987,09-05,6.0,247.0,4.8
1987,09-06,6.0,248.0,7.6
1987,09-07,6.0,249.0,8.1
1987,09-08,6.0,250.0,9.5
1987,09-09,6.0,251.0,10.3
1987,09-10,6.0,252.0,7.0
1987,09-11,6.0,253.0,9.0
1987,09-12,6.0,254.0,10.2
1987,09-13,6.0,255.0,6.8
1987,09-14,6.0,256.0,9.3
1987,09-15,6.0,257.0,9.8
1987,09-16,6.0,258.0,10.7
1987,09-17,6.0,259.0,7.8
1987,09-18,6.0,260.0,9.2
1987,09-19,6.0,261.0,15.0
1987,09-20,6.0,262.0,7.8
1987,09-21,6.0,263.0,5.3
1987,09-22,6.0,264.0,9.5
1987,09-23,6.0,265.0,7.6
1987,09-24,6.0,266.0,14.0
1987,09-25,6.0,267.0,14.9
1987,09-26,6.0,268.0,14.9
1987,09-27,6.0,269.0,19.2
1987,09-28,6.0,270.0,17.0
1987,09-29,6.0,271.0,13.0
1987,09-30,6.0,272.0,11.2
1987,10-01,6.0,273.0,9.5
1987,10-02,6.0,274.0,10.3
1987,10-03,6.0,275.0,9.3
1987,10-04,6.0,276.0,11.3
1987,10-05,6.0,277.0,6.5
1987,10-06,6.0,278.0,12.0
1987,10-07,6.0,279.0,8.3
1987,10-08,6.0,280.0,8.7
1987,10-09,6.0,281.0,8.7
1987,10-10,6.0,282.0,10.2
1987,10-11,6.0,283.0,6.9
1987,10-12,6.0,284.0,4.9
1987,10-13,6.0,285.0,10.0
1987,10-14,6.0,286.0,7.6
1987,10-15,6.0,287.0,14.5
1987,10-16,6.0,288.0,13.2
1987,10-17,6.0,289.0,9.9
1987,10-18,6.0,290.0,10.1
1987,10-19,6.0,291.0,11.3
1987,10-20,6.0,292.0,10.4
1987,10-21,6.0,293.0,10.9
1987,10-22,6.0,294.0,9.2
1987,10-23,6.0,295.0,10.5
1987,10-24,6.0,296.0,11.4
1987,10-25,6.0,297.0,13.5
1987,10-26,6.0,298.0,9.8
1987,10-27,6.0,299.0,13.1
1987,10-28,6.0,300.0,9.7
1987,10-29,6.0,301.0,11.4
1987,10-30,6.0,302.0,9.9
1987,10-31,6.0,303.0,14.4
1987,11-01,6.0,304.0,19.0
1987,11-02,6.0,305.0,23.0
1987,11-03,6.0,306.0,15.4
1987,11-04,6.0,307.0,9.6
1987,11-05,6.0,308.0,10.8
1987,11-06,6.0,309.0,12.1
1987,11-07,6.0,310.0,11.0
1987,11-08,6.0,311.0,12.6
1987,11-09,6.0,312.0,14.7
1987,11-10,6.0,313.0,11.1
1987,11-11,6.0,314.0,10.1
1987,11-12,6.0,315.0,11.4
1987,11-13,6.0,316.0,13.0
1987,11-14,6.0,317.0,11.9
1987,11-15,6.0,318.0,9.5
1987,11-16,6.0,319.0,13.5
1987,11-17,6.0,320.0,15.2
1987,11-18,6.0,321.0,18.4
1987,11-19,6.0,322.0,24.1
1987,11-20,6.0,323.0,14.1
1987,11-21,6.0,324.0,10.7
1987,11-22,6.0,325.0,8.7
1987,11-23,6.0,326.0,13.3
1987,11-24,6.0,327.0,11.6
1987,11-25,6.0,328.0,9.9
1987,11-26,6.0,329.0,10.8
1987,11-27,6.0,330.0,11.5
1987,11-28,6.0,331.0,10.0
1987,11-29,6.0,332.0,13.9
1987,11-30,6.0,333.0,13.6
1987,12-01,6.0,334.0,11.9
1987,12-02,6.0,335.0,11.1
1987,12-03,6.0,336.0,8.2
1987,12-04,6.0,337.0,9.4
1987,12-05,6.0,338.0,12.7
1987,12-06,6.0,339.0,11.6
1987,12-07,6.0,340.0,11.0
1987,12-08,6.0,341.0,11.3
1987,12-09,6.0,342.0,13.4
1987,12-10,6.0,343.0,14.9
1987,12-11,6.0,344.0,15.2
1987,12-12,6.0,345.0,13.9
1987,12-13,6.0,346.0,15.0
1987,12-14,6.0,347.0,16.2
1987,12-15,6.0,348.0,17.7
1987,12-16,6.0,349.0,20.5
1987,12-17,6.0,350.0,14.7
1987,12-18,6.0,351.0,12.5
1987,12-19,6.0,352.0,10.9
1987,12-20,6.0,353.0,12.8
1987,12-21,6.0,354.0,12.7
1987,12-22,6.0,355.0,11.2
1987,12-23,6.0,356.0,11.4
1987,12-24,6.0,357.0,11.2
1987,12-25,6.0,358.0,12.1
1987,12-26,6.0,359.0,12.7
1987,12-27,6.0,360.0,16.2
1987,12-28,6.0,361.0,14.2
1987,12-29,6.0,362.0,14.3
1987,12-30,6.0,363.0,13.3
1987,12-31,6.0,364.0,16.7
1988,01-01,7.0,0.0,15.3
1988,01-02,7.0,1.0,14.3
1988,01-03,7.0,2.0,13.5
1988,01-04,7.0,3.0,15.0
1988,01-05,7.0,4.0,13.6
1988,01-06,7.0,5.0,15.2
1988,01-07,7.0,6.0,17.0
1988,01-08,7.0,7.0,18.7
1988,01-09,7.0,8.0,16.5
1988,01-10,7.0,9.0,17.4
1988,01-11,7.0,10.0,18.3
1988,01-12,7.0,11.0,18.3
1988,01-13,7.0,12.0,22.4
1988,01-14,7.0,13.0,21.4
1988,01-15,7.0,14.0,20.9
1988,01-16,7.0,15.0,17.6
1988,01-17,7.0,16.0,15.5
1988,01-18,7.0,17.0,16.6
1988,01-19,7.0,18.0,16.2
1988,01-20,7.0,19.0,15.6
1988,01-21,7.0,20.0,14.5
1988,01-22,7.0,21.0,14.0
1988,01-23,7.0,22.0,15.6
1988,01-24,7.0,23.0,12.3
1988,01-25,7.0,24.0,11.6
1988,01-26,7.0,25.0,12.6
1988,01-27,7.0,26.0,14.9
1988,01-28,7.0,27.0,17.3
1988,01-29,7.0,28.0,21.4
1988,01-30,7.0,29.0,23.4
1988,01-31,7.0,30.0,14.4
1988,02-01,7.0,31.0,14.1
1988,02-02,7.0,32.0,15.0
1988,02-03,7.0,33.0,14.5
1988,02-04,7.0,34.0,15.1
1988,02-05,7.0,35.0,13.9
1988,02-06,7.0,36.0,13.4
1988,02-07,7.0,37.0,9.2
1988,02-08,7.0,38.0,12.5
1988,02-09,7.0,39.0,15.1
1988,02-10,7.0,40.0,12.1
1988,02-11,7.0,41.0,14.5
1988,02-12,7.0,42.0,16.3
1988,02-13,7.0,43.0,16.5
1988,02-14,7.0,44.0,14.9
1988,02-15,7.0,45.0,13.2
1988,02-16,7.0,46.0,11.8
1988,02-17,7.0,47.0,13.6
1988,02-18,7.0,48.0,16.2
1988,02-19,7.0,49.0,14.1
1988,02-20,7.0,50.0,13.5
1988,02-21,7.0,51.0,15.0
1988,02-22,7.0,52.0,14.8
1988,02-23,7.0,53.0,16.2
1988,02-24,7.0,54.0,16.2
1988,02-25,7.0,55.0,13.3
1988,02-26,7.0,56.0,15.3
1988,02-27,7.0,57.0,18.4
1988,02-28,7.0,58.0,16.2
1988,03-01,7.0,59.0,12.4
1988,03-02,7.0,60.0,15.6
1988,03-03,7.0,61.0,14.9
1988,03-04,7.0,62.0,14.8
1988,03-05,7.0,63.0,12.7
1988,03-06,7.0,64.0,14.2
1988,03-07,7.0,65.0,16.8
1988,03-08,7.0,66.0,16.7
1988,03-09,7.0,67.0,16.2
1988,03-10,7.0,68.0,14.5
1988,03-11,7.0,69.0,10.0
1988,03-12,7.0,70.0,12.6
1988,03-13,7.0,71.0,11.9
1988,03-14,7.0,72.0,11.8
1988,03-15,7.0,73.0,13.4
1988,03-16,7.0,74.0,14.5
1988,03-17,7.0,75.0,15.7
1988,03-18,7.0,76.0,15.3
1988,03-19,7.0,77.0,13.9
1988,03-20,7.0,78.0,13.7
1988,03-21,7.0,79.0,15.1
1988,03-22,7.0,80.0,15.6
1988,03-23,7.0,81.0,14.4
1988,03-24,7.0,82.0,13.9
1988,03-25,7.0,83.0,16.2
1988,03-26,7.0,84.0,16.7
1988,03-27,7.0,85.0,15.5
1988,03-28,7.0,86.0,16.4
1988,03-29,7.0,87.0,17.5
1988,03-30,7.0,88.0,18.2
1988,03-31,7.0,89.0,16.1
1988,04-01,7.0,90.0,16.5
1988,04-02,7.0,91.0,14.6
1988,04-03,7.0,92.0,16.4
1988,04-04,7.0,93.0,13.6
1988,04-05,7.0,94.0,15.9
1988,04-06,7.0,95.0,11.9
1988,04-07,7.0,96.0,14.7
1988,04-08,7.0,97.0,9.4
1988,04-09,7.0,98.0,6.6
1988,04-10,7.0,99.0,7.9
1988,04-11,7.0,100.0,11.0
1988,04-12,7.0,101.0,15.7
1988,04-13,7.0,102.0,15.2
1988,04-14,7.0,103.0,15.9
1988,04-15,7.0,104.0,10.6
1988,04-16,7.0,105.0,8.3
1988,04-17,7.0,106.0,8.6
1988,04-18,7.0,107.0,12.7
1988,04-19,7.0,108.0,10.5
1988,04-20,7.0,109.0,12.0
1988,04-21,7.0,110.0,11.1
1988,04-22,7.0,111.0,13.0
1988,04-23,7.0,112.0,12.4
1988,04-24,7.0,113.0,13.3
1988,04-25,7.0,114.0,15.9
1988,04-26,7.0,115.0,12.0
1988,04-27,7.0,116.0,13.7
1988,04-28,7.0,117.0,17.6
1988,04-29,7.0,118.0,14.3
1988,04-30,7.0,119.0,13.7
1988,05-01,7.0,120.0,15.2
1988,05-02,7.0,121.0,14.5
1988,05-03,7.0,122.0,14.9
1988,05-04,7.0,123.0,15.5
1988,05-05,7.0,124.0,16.4
1988,05-06,7.0,125.0,14.5
1988,05-07,7.0,126.0,12.6
1988,05-08,7.0,127.0,13.6
1988,05-09,7.0,128.0,11.2
1988,05-10,7.0,129.0,11.0
1988,05-11,7.0,130.0,12.0
1988,05-12,7.0,131.0,6.8
1988,05-13,7.0,132.0,10.6
1988,05-14,7.0,133.0,13.1
1988,05-15,7.0,134.0,13.5
1988,05-16,7.0,135.0,11.7
1988,05-17,7.0,136.0,13.2
1988,05-18,7.0,137.0,12.0
1988,05-19,7.0,138.0,10.4
1988,05-20,7.0,139.0,10.0
1988,05-21,7.0,140.0,8.2
1988,05-22,7.0,141.0,9.4
1988,05-23,7.0,142.0,10.3
1988,05-24,7.0,143.0,8.1
1988,05-25,7.0,144.0,8.7
1988,05-26,7.0,145.0,12.6
1988,05-27,7.0,146.0,10.9
1988,05-28,7.0,147.0,8.7
1988,05-29,7.0,148.0,9.3
1988,05-30,7.0,149.0,6.3
1988,05-31,7.0,150.0,7.8
1988,06-01,7.0,151.0,10.0
1988,06-02,7.0,152.0,11.0
1988,06-03,7.0,153.0,11.1
1988,06-04,7.0,154.0,12.6
1988,06-05,7.0,155.0,10.2
1988,06-06,7.0,156.0,11.1
1988,06-07,7.0,157.0,8.7
1988,06-08,7.0,158.0,9.5
1988,06-09,7.0,159.0,9.7
1988,06-10,7.0,160.0,8.2
1988,06-11,7.0,161.0,5.0
1988,06-12,7.0,162.0,6.5
1988,06-13,7.0,163.0,12.1
1988,06-14,7.0,164.0,8.9
1988,06-15,7.0,165.0,6.1
1988,06-16,7.0,166.0,2.8
1988,06-17,7.0,167.0,3.7
1988,06-18,7.0,168.0,6.8
1988,06-19,7.0,169.0,6.6
1988,06-20,7.0,170.0,7.0
1988,06-21,7.0,171.0,7.3
1988,06-22,7.0,172.0,7.9
1988,06-23,7.0,173.0,10.6
1988,06-24,7.0,174.0,8.1
1988,06-25,7.0,175.0,6.7
1988,06-26,7.0,176.0,8.0
1988,06-27,7.0,177.0,10.0
1988,06-28,7.0,178.0,6.7
1988,06-29,7.0,179.0,9.4
1988,06-30,7.0,180.0,9.3
1988,07-01,7.0,181.0,6.0
1988,07-02,7.0,182.0,5.8
1988,07-03,7.0,183.0,4.9
1988,07-04,7.0,184.0,5.0
1988,07-05,7.0,185.0,8.4
1988,07-06,7.0,186.0,12.3
1988,07-07,7.0,187.0,13.0
1988,07-08,7.0,188.0,11.4
1988,07-09,7.0,189.0,6.8
1988,07-10,7.0,190.0,7.6
1988,07-11,7.0,191.0,12.4
1988,07-12,7.0,192.0,7.1
1988,07-13,7.0,193.0,7.5
1988,07-14,7.0,194.0,10.0
1988,07-15,7.0,195.0,5.3
1988,07-16,7.0,196.0,6.3
1988,07-17,7.0,197.0,8.0
1988,07-18,7.0,198.0,8.3
1988,07-19,7.0,199.0,9.3
1988,07-20,7.0,200.0,9.5
1988,07-21,7.0,201.0,5.6
1988,07-22,7.0,202.0,7.0
1988,07-23,7.0,203.0,8.5
1988,07-24,7.0,204.0,8.5
1988,07-25,7.0,205.0,8.2
1988,07-26,7.0,206.0,8.5
1988,07-27,7.0,207.0,9.6
1988,07-28,7.0,208.0,9.7
1988,07-29,7.0,209.0,7.1
1988,07-30,7.0,210.0,8.4
1988,07-31,7.0,211.0,9.2
1988,08-01,7.0,212.0,9.8
1988,08-02,7.0,213.0,8.1
1988,08-03,7.0,214.0,9.4
1988,08-04,7.0,215.0,10.0
1988,08-05,7.0,216.0,5.1
1988,08-06,7.0,217.0,6.7
1988,08-07,7.0,218.0,6.9
1988,08-08,7.0,219.0,6.8
1988,08-09,7.0,220.0,8.6
1988,08-10,7.0,221.0,9.1
1988,08-11,7.0,222.0,3.9
1988,08-12,7.0,223.0,4.8
1988,08-13,7.0,224.0,8.4
1988,08-14,7.0,225.0,11.6
1988,08-15,7.0,226.0,12.1
1988,08-16,7.0,227.0,12.4
1988,08-17,7.0,228.0,10.0
1988,08-18,7.0,229.0,10.1
1988,08-19,7.0,230.0,9.7
1988,08-20,7.0,231.0,11.7
1988,08-21,7.0,232.0,7.9
1988,08-22,7.0,233.0,8.6
1988,08-23,7.0,234.0,7.7
1988,08-24,7.0,235.0,5.8
1988,08-25,7.0,236.0,8.7
1988,08-26,7.0,237.0,10.6
1988,08-27,7.0,238.0,6.7
1988,08-28,7.0,239.0,8.8
1988,08-29,7.0,240.0,9.7
1988,08-30,7.0,241.0,9.0
1988,08-31,7.0,242.0,11.8
1988,09-01,7.0,243.0,15.2
1988,09-02,7.0,244.0,10.0
1988,09-03,7.0,245.0,10.5
1988,09-04,7.0,246.0,5.5
1988,09-05,7.0,247.0,9.4
1988,09-06,7.0,248.0,8.8
1988,09-07,7.0,249.0,5.3
1988,09-08,7.0,250.0,13.0
1988,09-09,7.0,251.0,15.2
1988,09-10,7.0,252.0,13.2
1988,09-11,7.0,253.0,11.5
1988,09-12,7.0,254.0,6.8
1988,09-13,7.0,255.0,4.7
1988,09-14,7.0,256.0,5.2
1988,09-15,7.0,257.0,6.8
1988,09-16,7.0,258.0,10.7
1988,09-17,7.0,259.0,10.1
1988,09-18,7.0,260.0,10.0
1988,09-19,7.0,261.0,9.8
1988,09-20,7.0,262.0,5.5
1988,09-21,7.0,263.0,13.5
1988,09-22,7.0,264.0,16.6
1988,09-23,7.0,265.0,8.4
1988,09-24,7.0,266.0,8.2
1988,09-25,7.0,267.0,11.1
1988,09-26,7.0,268.0,10.8
1988,09-27,7.0,269.0,8.8
1988,09-28,7.0,270.0,10.8
1988,09-29,7.0,271.0,8.7
1988,09-30,7.0,272.0,12.4
1988,10-01,7.0,273.0,9.0
1988,10-02,7.0,274.0,13.5
1988,10-03,7.0,275.0,14.7
1988,10-04,7.0,276.0,10.9
1988,10-05,7.0,277.0,8.5
1988,10-06,7.0,278.0,6.0
1988,10-07,7.0,279.0,12.7
1988,10-08,7.0,280.0,11.1
1988,10-09,7.0,281.0,8.7
1988,10-10,7.0,282.0,12.3
1988,10-11,7.0,283.0,13.3
1988,10-12,7.0,284.0,5.6
1988,10-13,7.0,285.0,13.7
1988,10-14,7.0,286.0,8.5
1988,10-15,7.0,287.0,11.2
1988,10-16,7.0,288.0,8.7
1988,10-17,7.0,289.0,11.7
1988,10-18,7.0,290.0,12.5
1988,10-19,7.0,291.0,8.2
1988,10-20,7.0,292.0,15.6
1988,10-21,7.0,293.0,10.3
1988,10-22,7.0,294.0,11.4
1988,10-23,7.0,295.0,9.7
1988,10-24,7.0,296.0,6.3
1988,10-25,7.0,297.0,14.3
1988,10-26,7.0,298.0,11.3
1988,10-27,7.0,299.0,7.3
1988,10-28,7.0,300.0,12.8
1988,10-29,7.0,301.0,11.9
1988,10-30,7.0,302.0,14.3
1988,10-31,7.0,303.0,11.6
1988,11-01,7.0,304.0,13.2
1988,11-02,7.0,305.0,15.5
1988,11-03,7.0,306.0,14.1
1988,11-04,7.0,307.0,9.5
1988,11-05,7.0,308.0,7.2
1988,11-06,7.0,309.0,11.8
1988,11-07,7.0,310.0,16.8
1988,11-08,7.0,311.0,12.5
1988,11-09,7.0,312.0,9.4
1988,11-10,7.0,313.0,11.9
1988,11-11,7.0,314.0,10.3
1988,11-12,7.0,315.0,16.9
1988,11-13,7.0,316.0,17.5
1988,11-14,7.0,317.0,7.5
1988,11-15,7.0,318.0,8.6
1988,11-16,7.0,319.0,11.1
1988,11-17,7.0,320.0,11.5
1988,11-18,7.0,321.0,10.7
1988,11-19,7.0,322.0,15.7
1988,11-20,7.0,323.0,12.8
1988,11-21,7.0,324.0,13.0
1988,11-22,7.0,325.0,12.9
1988,11-23,7.0,326.0,14.3
1988,11-24,7.0,327.0,13.7
1988,11-25,7.0,328.0,12.1
1988,11-26,7.0,329.0,11.9
1988,11-27,7.0,330.0,11.8
1988,11-28,7.0,331.0,11.4
1988,11-29,7.0,332.0,10.3
1988,11-30,7.0,333.0,11.7
1988,12-01,7.0,334.0,12.0
1988,12-02,7.0,335.0,17.4
1988,12-03,7.0,336.0,16.8
1988,12-04,7.0,337.0,16.2
1988,12-05,7.0,338.0,13.0
1988,12-06,7.0,339.0,12.5
1988,12-07,7.0,340.0,12.4
1988,12-08,7.0,341.0,16.1
1988,12-09,7.0,342.0,20.2
1988,12-10,7.0,343.0,14.3
1988,12-11,7.0,344.0,11.0
1988,12-12,7.0,345.0,14.4
1988,12-13,7.0,346.0,15.7
1988,12-14,7.0,347.0,19.7
1988,12-15,7.0,348.0,20.7
1988,12-16,7.0,349.0,23.9
1988,12-17,7.0,350.0,16.6
1988,12-18,7.0,351.0,17.5
1988,12-19,7.0,352.0,14.9
1988,12-20,7.0,353.0,13.6
1988,12-21,7.0,354.0,11.9
1988,12-22,7.0,355.0,15.2
1988,12-23,7.0,356.0,17.3
1988,12-24,7.0,357.0,19.8
1988,12-25,7.0,358.0,15.8
1988,12-26,7.0,359.0,9.5
1988,12-27,7.0,360.0,12.9
1988,12-28,7.0,361.0,12.9
1988,12-29,7.0,362.0,14.8
1988,12-30,7.0,363.0,14.1
1989,01-01,8.0,0.0,14.3
1989,01-02,8.0,1.0,17.4
1989,01-03,8.0,2.0,18.5
1989,01-04,8.0,3.0,16.8
1989,01-05,8.0,4.0,11.5
1989,01-06,8.0,5.0,9.5
1989,01-07,8.0,6.0,12.2
1989,01-08,8.0,7.0,15.7
1989,01-09,8.0,8.0,16.3
1989,01-10,8.0,9.0,13.6
1989,01-11,8.0,10.0,12.6
1989,01-12,8.0,11.0,13.8
1989,01-13,8.0,12.0,12.1
1989,01-14,8.0,13.0,13.4
1989,01-15,8.0,14.0,17.3
1989,01-16,8.0,15.0,19.4
1989,01-17,8.0,16.0,16.6
1989,01-18,8.0,17.0,13.9
1989,01-19,8.0,18.0,13.1
1989,01-20,8.0,19.0,16.0
1989,01-21,8.0,20.0,14.5
1989,01-22,8.0,21.0,15.0
1989,01-23,8.0,22.0,12.6
1989,01-24,8.0,23.0,12.5
1989,01-25,8.0,24.0,15.2
1989,01-26,8.0,25.0,16.2
1989,01-27,8.0,26.0,16.5
1989,01-28,8.0,27.0,20.1
1989,01-29,8.0,28.0,20.6
1989,01-30,8.0,29.0,16.9
1989,01-31,8.0,30.0,16.5
1989,02-01,8.0,31.0,16.1
1989,02-02,8.0,32.0,14.4
1989,02-03,8.0,33.0,16.3
1989,02-04,8.0,34.0,15.7
1989,02-05,8.0,35.0,14.2
1989,02-06,8.0,36.0,13.2
1989,02-07,8.0,37.0,16.8
1989,02-08,8.0,38.0,18.5
1989,02-09,8.0,39.0,16.7
1989,02-10,8.0,40.0,15.3
1989,02-11,8.0,41.0,15.9
1989,02-12,8.0,42.0,15.2
1989,02-13,8.0,43.0,17.5
1989,02-14,8.0,44.0,18.3
1989,02-15,8.0,45.0,19.4
1989,02-16,8.0,46.0,19.4
1989,02-17,8.0,47.0,19.5
1989,02-18,8.0,48.0,20.5
1989,02-19,8.0,49.0,15.7
1989,02-20,8.0,50.0,15.0
1989,02-21,8.0,51.0,16.1
1989,02-22,8.0,52.0,14.3
1989,02-23,8.0,53.0,13.0
1989,02-24,8.0,54.0,16.2
1989,02-25,8.0,55.0,17.7
1989,02-26,8.0,56.0,13.2
1989,02-27,8.0,57.0,15.8
1989,02-28,8.0,58.0,18.5
1989,03-01,8.0,59.0,20.4
1989,03-02,8.0,60.0,22.0
1989,03-03,8.0,61.0,19.7
1989,03-04,8.0,62.0,19.6
1989,03-05,8.0,63.0,20.3
1989,03-06,8.0,64.0,18.3
1989,03-07,8.0,65.0,18.9
1989,03-08,8.0,66.0,20.3
1989,03-09,8.0,67.0,21.4
1989,03-10,8.0,68.0,18.3
1989,03-11,8.0,69.0,17.8
1989,03-12,8.0,70.0,17.7
1989,03-13,8.0,71.0,12.8
1989,03-14,8.0,72.0,15.1
1989,03-15,8.0,73.0,15.0
1989,03-16,8.0,74.0,14.8
1989,03-17,8.0,75.0,12.0
1989,03-18,8.0,76.0,12.5
1989,03-19,8.0,77.0,15.0
1989,03-20,8.0,78.0,17.1
1989,03-21,8.0,79.0,17.3
1989,03-22,8.0,80.0,16.9
1989,03-23,8.0,81.0,16.5
1989,03-24,8.0,82.0,13.6
1989,03-25,8.0,83.0,13.2
1989,03-26,8.0,84.0,9.4
1989,03-27,8.0,85.0,9.5
1989,03-28,8.0,86.0,11.8
1989,03-29,8.0,87.0,10.4
1989,03-30,8.0,88.0,9.7
1989,03-31,8.0,89.0,12.6
1989,04-01,8.0,90.0,13.3
1989,04-02,8.0,91.0,15.1
1989,04-03,8.0,92.0,14.2
1989,04-04,8.0,93.0,14.2
1989,04-05,8.0,94.0,19.2
1989,04-06,8.0,95.0,12.6
1989,04-07,8.0,96.0,14.2
1989,04-08,8.0,97.0,11.9
1989,04-09,8.0,98.0,13.9
1989,04-10,8.0,99.0,13.5
1989,04-11,8.0,100.0,15.3
1989,04-12,8.0,101.0,13.9
1989,04-13,8.0,102.0,14.0
1989,04-14,8.0,103.0,12.9
1989,04-15,8.0,104.0,8.5
1989,04-16,8.0,105.0,11.4
1989,04-17,8.0,106.0,10.9
1989,04-18,8.0,107.0,12.0
1989,04-19,8.0,108.0,8.6
1989,04-20,8.0,109.0,9.0
1989,04-21,8.0,110.0,9.6
1989,04-22,8.0,111.0,10.2
1989,04-23,8.0,112.0,9.8
1989,04-24,8.0,113.0,8.3
1989,04-25,8.0,114.0,11.0
1989,04-26,8.0,115.0,11.9
1989,04-27,8.0,116.0,14.0
1989,04-28,8.0,117.0,15.8
1989,04-29,8.0,118.0,14.5
1989,04-30,8.0,119.0,13.2
1989,05-01,8.0,120.0,14.2
1989,05-02,8.0,121.0,14.6
1989,05-03,8.0,122.0,11.8
1989,05-04,8.0,123.0,14.4
1989,05-05,8.0,124.0,10.4
1989,05-06,8.0,125.0,10.3
1989,05-07,8.0,126.0,10.8
1989,05-08,8.0,127.0,10.5
1989,05-09,8.0,128.0,9.5
1989,05-10,8.0,129.0,12.5
1989,05-11,8.0,130.0,13.7
1989,05-12,8.0,131.0,12.7
1989,05-13,8.0,132.0,11.9
1989,05-14,8.0,133.0,11.4
1989,05-15,8.0,134.0,9.7
1989,05-16,8.0,135.0,8.3
1989,05-17,8.0,136.0,8.1
1989,05-18,8.0,137.0,11.7
1989,05-19,8.0,138.0,11.6
1989,05-20,8.0,139.0,7.4
1989,05-21,8.0,140.0,5.2
1989,05-22,8.0,141.0,11.0
1989,05-23,8.0,142.0,9.5
1989,05-24,8.0,143.0,9.2
1989,05-25,8.0,144.0,10.7
1989,05-26,8.0,145.0,9.0
1989,05-27,8.0,146.0,10.2
1989,05-28,8.0,147.0,10.3
1989,05-29,8.0,148.0,12.1
1989,05-30,8.0,149.0,13.2
1989,05-31,8.0,150.0,6.6
1989,06-01,8.0,151.0,2.3
1989,06-02,8.0,152.0,1.4
1989,06-03,8.0,153.0,2.1
1989,06-04,8.0,154.0,6.6
1989,06-05,8.0,155.0,8.9
1989,06-06,8.0,156.0,7.8
1989,06-07,8.0,157.0,9.0
1989,06-08,8.0,158.0,10.3
1989,06-09,8.0,159.0,7.9
1989,06-10,8.0,160.0,7.2
1989,06-11,8.0,161.0,8.6
1989,06-12,8.0,162.0,8.8
1989,06-13,8.0,163.0,6.2
1989,06-14,8.0,164.0,9.5
1989,06-15,8.0,165.0,10.2
1989,06-16,8.0,166.0,9.7
1989,06-17,8.0,167.0,11.2
1989,06-18,8.0,168.0,10.2
1989,06-19,8.0,169.0,10.1
1989,06-20,8.0,170.0,8.1
1989,06-21,8.0,171.0,6.6
1989,06-22,8.0,172.0,5.0
1989,06-23,8.0,173.0,4.7
1989,06-24,8.0,174.0,5.3
1989,06-25,8.0,175.0,4.5
1989,06-26,8.0,176.0,2.3
1989,06-27,8.0,177.0,1.4
1989,06-28,8.0,178.0,0.5
1989,06-29,8.0,179.0,2.4
1989,06-30,8.0,180.0,8.0
1989,07-01,8.0,181.0,6.0
1989,07-02,8.0,182.0,7.1
1989,07-03,8.0,183.0,9.7
1989,07-04,8.0,184.0,6.9
1989,07-05,8.0,185.0,5.3
1989,07-06,8.0,186.0,7.0
1989,07-07,8.0,187.0,6.2
1989,07-08,8.0,188.0,7.0
1989,07-09,8.0,189.0,9.7
1989,07-10,8.0,190.0,8.0
1989,07-11,8.0,191.0,8.5
1989,07-12,8.0,192.0,7.1
1989,07-13,8.0,193.0,7.5
1989,07-14,8.0,194.0,3.3
1989,07-15,8.0,195.0,1.8
1989,07-16,8.0,196.0,2.6
1989,07-17,8.0,197.0,5.3
1989,07-18,8.0,198.0,5.8
1989,07-19,8.0,199.0,5.8
1989,07-20,8.0,200.0,7.2
1989,07-21,8.0,201.0,5.3
1989,07-22,8.0,202.0,1.6
1989,07-23,8.0,203.0,3.1
1989,07-24,8.0,204.0,5.3
1989,07-25,8.0,205.0,7.7
1989,07-26,8.0,206.0,4.2
1989,07-27,8.0,207.0,5.5
1989,07-28,8.0,208.0,9.0
1989,07-29,8.0,209.0,11.2
1989,07-30,8.0,210.0,8.0
1989,07-31,8.0,211.0,7.6
1989,08-01,8.0,212.0,3.7
1989,08-02,8.0,213.0,7.5
1989,08-03,8.0,214.0,8.1
1989,08-04,8.0,215.0,8.4
1989,08-05,8.0,216.0,7.1
1989,08-06,8.0,217.0,7.6
1989,08-07,8.0,218.0,7.6
1989,08-08,8.0,219.0,5.6
1989,08-09,8.0,220.0,7.0
1989,08-10,8.0,221.0,10.5
1989,08-11,8.0,222.0,7.3
1989,08-12,8.0,223.0,7.8
1989,08-13,8.0,224.0,5.8
1989,08-14,8.0,225.0,3.8
1989,08-15,8.0,226.0,5.8
1989,08-16,8.0,227.0,6.7
1989,08-17,8.0,228.0,6.6
1989,08-18,8.0,229.0,6.6
1989,08-19,8.0,230.0,9.0
1989,08-20,8.0,231.0,8.1
1989,08-21,8.0,232.0,5.1
1989,08-22,8.0,233.0,8.6
1989,08-23,8.0,234.0,7.0
1989,08-24,8.0,235.0,5.5
1989,08-25,8.0,236.0,7.4
1989,08-26,8.0,237.0,6.2
1989,08-27,8.0,238.0,4.2
1989,08-28,8.0,239.0,6.3
1989,08-29,8.0,240.0,7.0
1989,08-30,8.0,241.0,4.0
1989,08-31,8.0,242.0,8.0
1989,09-01,8.0,243.0,8.8
1989,09-02,8.0,244.0,8.8
1989,09-03,8.0,245.0,6.1
1989,09-04,8.0,246.0,8.6
1989,09-05,8.0,247.0,8.9
1989,09-06,8.0,248.0,7.8
1989,09-07,8.0,249.0,5.0
1989,09-08,8.0,250.0,7.0
1989,09-09,8.0,251.0,13.3
1989,09-10,8.0,252.0,7.9
1989,09-11,8.0,253.0,7.5
1989,09-12,8.0,254.0,8.3
1989,09-13,8.0,255.0,7.2
1989,09-14,8.0,256.0,6.5
1989,09-15,8.0,257.0,8.9
1989,09-16,8.0,258.0,7.4
1989,09-17,8.0,259.0,9.9
1989,09-18,8.0,260.0,9.3
1989,09-19,8.0,261.0,10.6
1989,09-20,8.0,262.0,8.6
1989,09-21,8.0,263.0,7.2
1989,09-22,8.0,264.0,12.6
1989,09-23,8.0,265.0,7.8
1989,09-24,8.0,266.0,6.3
1989,09-25,8.0,267.0,9.2
1989,09-26,8.0,268.0,5.8
1989,09-27,8.0,269.0,9.0
1989,09-28,8.0,270.0,5.0
1989,09-29,8.0,271.0,11.9
1989,09-30,8.0,272.0,13.4
1989,10-01,8.0,273.0,10.5
1989,10-02,8.0,274.0,6.2
1989,10-03,8.0,275.0,5.1
1989,10-04,8.0,276.0,9.5
1989,10-05,8.0,277.0,11.7
1989,10-06,8.0,278.0,9.2
1989,10-07,8.0,279.0,7.3
1989,10-08,8.0,280.0,9.7
1989,10-09,8.0,281.0,9.4
1989,10-10,8.0,282.0,10.0
1989,10-11,8.0,283.0,10.9
1989,10-12,8.0,284.0,11.0
1989,10-13,8.0,285.0,10.9
1989,10-14,8.0,286.0,8.0
1989,10-15,8.0,287.0,11.2
1989,10-16,8.0,288.0,7.5
1989,10-17,8.0,289.0,7.2
1989,10-18,8.0,290.0,13.2
1989,10-19,8.0,291.0,12.9
1989,10-20,8.0,292.0,9.4
1989,10-21,8.0,293.0,10.2
1989,10-22,8.0,294.0,9.5
1989,10-23,8.0,295.0,12.4
1989,10-24,8.0,296.0,10.2
1989,10-25,8.0,297.0,13.4
1989,10-26,8.0,298.0,11.6
1989,10-27,8.0,299.0,8.0
1989,10-28,8.0,300.0,9.0
1989,10-29,8.0,301.0,9.3
1989,10-30,8.0,302.0,13.5
1989,10-31,8.0,303.0,8.0
1989,11-01,8.0,304.0,8.1
1989,11-02,8.0,305.0,10.0
1989,11-03,8.0,306.0,8.5
1989,11-04,8.0,307.0,12.5
1989,11-05,8.0,308.0,15.0
1989,11-06,8.0,309.0,13.3
1989,11-07,8.0,310.0,11.0
1989,11-08,8.0,311.0,11.9
1989,11-09,8.0,312.0,8.3
1989,11-10,8.0,313.0,9.7
1989,11-11,8.0,314.0,11.3
1989,11-12,8.0,315.0,12.5
1989,11-13,8.0,316.0,9.4
1989,11-14,8.0,317.0,11.4
1989,11-15,8.0,318.0,13.2
1989,11-16,8.0,319.0,13.8
1989,11-17,8.0,320.0,16.0
1989,11-18,8.0,321.0,10.9
1989,11-19,8.0,322.0,11.9
1989,11-20,8.0,323.0,12.4
1989,11-21,8.0,324.0,13.2
1989,11-22,8.0,325.0,15.5
1989,11-23,8.0,326.0,21.6
1989,11-24,8.0,327.0,14.9
1989,11-25,8.0,328.0,14.4
1989,11-26,8.0,329.0,12.9
1989,11-27,8.0,330.0,13.1
1989,11-28,8.0,331.0,14.0
1989,11-29,8.0,332.0,17.9
1989,11-30,8.0,333.0,17.7
1989,12-01,8.0,334.0,16.3
1989,12-02,8.0,335.0,18.3
1989,12-03,8.0,336.0,13.7
1989,12-04,8.0,337.0,13.3
1989,12-05,8.0,338.0,10.6
1989,12-06,8.0,339.0,14.1
1989,12-07,8.0,340.0,16.0
1989,12-08,8.0,341.0,16.5
1989,12-09,8.0,342.0,14.1
1989,12-10,8.0,343.0,18.7
1989,12-11,8.0,344.0,16.2
1989,12-12,8.0,345.0,14.8
1989,12-13,8.0,346.0,12.6
1989,12-14,8.0,347.0,10.4
1989,12-15,8.0,348.0,12.2
1989,12-16,8.0,349.0,12.6
1989,12-17,8.0,350.0,12.1
1989,12-18,8.0,351.0,17.3
1989,12-19,8.0,352.0,16.4
1989,12-20,8.0,353.0,12.6
1989,12-21,8.0,354.0,12.3
1989,12-22,8.0,355.0,11.8
1989,12-23,8.0,356.0,12.0
1989,12-24,8.0,357.0,12.7
1989,12-25,8.0,358.0,16.4
1989,12-26,8.0,359.0,16.0
1989,12-27,8.0,360.0,13.3
1989,12-28,8.0,361.0,11.7
1989,12-29,8.0,362.0,10.4
1989,12-30,8.0,363.0,14.4
1989,12-31,8.0,364.0,12.7
1990,01-01,9.0,0.0,14.8
1990,01-02,9.0,1.0,13.3
1990,01-03,9.0,2.0,15.6
1990,01-04,9.0,3.0,14.5
1990,01-05,9.0,4.0,14.3
1990,01-06,9.0,5.0,15.3
1990,01-07,9.0,6.0,16.4
1990,01-08,9.0,7.0,14.8
1990,01-09,9.0,8.0,17.4
1990,01-10,9.0,9.0,18.8
1990,01-11,9.0,10.0,22.1
1990,01-12,9.0,11.0,19.0
1990,01-13,9.0,12.0,15.5
1990,01-14,9.0,13.0,15.8
1990,01-15,9.0,14.0,14.7
1990,01-16,9.0,15.0,10.7
1990,01-17,9.0,16.0,11.5
1990,01-18,9.0,17.0,15.0
1990,01-19,9.0,18.0,14.5
1990,01-20,9.0,19.0,14.5
1990,01-21,9.0,20.0,13.3
1990,01-22,9.0,21.0,14.3
1990,01-23,9.0,22.0,14.3
1990,01-24,9.0,23.0,20.5
1990,01-25,9.0,24.0,15.0
1990,01-26,9.0,25.0,17.1
1990,01-27,9.0,26.0,16.9
1990,01-28,9.0,27.0,16.9
1990,01-29,9.0,28.0,13.6
1990,01-30,9.0,29.0,16.4
1990,01-31,9.0,30.0,16.1
1990,02-01,9.0,31.0,12.0
1990,02-02,9.0,32.0,12.2
1990,02-03,9.0,33.0,14.8
1990,02-04,9.0,34.0,14.8
1990,02-05,9.0,35.0,14.4
1990,02-06,9.0,36.0,12.9
1990,02-07,9.0,37.0,13.4
1990,02-08,9.0,38.0,15.9
1990,02-09,9.0,39.0,16.1
1990,02-10,9.0,40.0,17.6
1990,02-11,9.0,41.0,15.6
1990,02-12,9.0,42.0,15.0
1990,02-13,9.0,43.0,13.0
1990,02-14,9.0,44.0,14.1
1990,02-15,9.0,45.0,17.3
1990,02-16,9.0,46.0,15.7
1990,02-17,9.0,47.0,18.6
1990,02-18,9.0,48.0,12.7
1990,02-19,9.0,49.0,14.0
1990,02-20,9.0,50.0,13.7
1990,02-21,9.0,51.0,16.3
1990,02-22,9.0,52.0,20.0
1990,02-23,9.0,53.0,17.0
1990,02-24,9.0,54.0,15.2
1990,02-25,9.0,55.0,16.5
1990,02-26,9.0,56.0,16.5
1990,02-27,9.0,57.0,17.3
1990,02-28,9.0,58.0,19.1
1990,03-01,9.0,59.0,19.3
1990,03-02,9.0,60.0,17.3
1990,03-03,9.0,61.0,19.0
1990,03-04,9.0,62.0,19.8
1990,03-05,9.0,63.0,19.3
1990,03-06,9.0,64.0,17.2
1990,03-07,9.0,65.0,14.2
1990,03-08,9.0,66.0,10.3
1990,03-09,9.0,67.0,13.0
1990,03-10,9.0,68.0,15.3
1990,03-11,9.0,69.0,15.0
1990,03-12,9.0,70.0,12.1
1990,03-13,9.0,71.0,9.2
1990,03-14,9.0,72.0,11.0
1990,03-15,9.0,73.0,15.0
1990,03-16,9.0,74.0,11.6
1990,03-17,9.0,75.0,11.6
1990,03-18,9.0,76.0,15.1
1990,03-19,9.0,77.0,15.0
1990,03-20,9.0,78.0,13.6
1990,03-21,9.0,79.0,12.5
1990,03-22,9.0,80.0,14.3
1990,03-23,9.0,81.0,16.0
1990,03-24,9.0,82.0,17.4
1990,03-25,9.0,83.0,16.9
1990,03-26,9.0,84.0,18.0
1990,03-27,9.0,85.0,20.6
1990,03-28,9.0,86.0,14.2
1990,03-29,9.0,87.0,10.9
1990,03-30,9.0,88.0,11.9
1990,03-31,9.0,89.0,13.3
1990,04-01,9.0,90.0,15.3
1990,04-02,9.0,91.0,14.7
1990,04-03,9.0,92.0,11.0
1990,04-04,9.0,93.0,12.2
1990,04-05,9.0,94.0,14.2
1990,04-06,9.0,95.0,17.0
1990,04-07,9.0,96.0,15.8
1990,04-08,9.0,97.0,15.2
1990,04-09,9.0,98.0,15.1
1990,04-10,9.0,99.0,14.7
1990,04-11,9.0,100.0,18.5
1990,04-12,9.0,101.0,16.4
1990,04-13,9.0,102.0,18.4
1990,04-14,9.0,103.0,15.1
1990,04-15,9.0,104.0,9.9
1990,04-16,9.0,105.0,10.2
1990,04-17,9.0,106.0,12.6
1990,04-18,9.0,107.0,13.2
1990,04-19,9.0,108.0,11.5
1990,04-20,9.0,109.0,13.8
1990,04-21,9.0,110.0,14.5
1990,04-22,9.0,111.0,14.7
1990,04-23,9.0,112.0,11.2
1990,04-24,9.0,113.0,12.7
1990,04-25,9.0,114.0,13.7
1990,04-26,9.0,115.0,11.5
1990,04-27,9.0,116.0,10.4
1990,04-28,9.0,117.0,8.9
1990,04-29,9.0,118.0,11.1
1990,04-30,9.0,119.0,9.5
1990,05-01,9.0,120.0,13.0
1990,05-02,9.0,121.0,13.9
1990,05-03,9.0,122.0,12.6
1990,05-04,9.0,123.0,14.3
1990,05-05,9.0,124.0,16.0
1990,05-06,9.0,125.0,13.3
1990,05-07,9.0,126.0,7.0
1990,05-08,9.0,127.0,4.9
1990,05-09,9.0,128.0,6.9
1990,05-10,9.0,129.0,13.7
1990,05-11,9.0,130.0,10.6
1990,05-12,9.0,131.0,12.3
1990,05-13,9.0,132.0,11.1
1990,05-14,9.0,133.0,10.2
1990,05-15,9.0,134.0,9.5
1990,05-16,9.0,135.0,8.9
1990,05-17,9.0,136.0,13.4
1990,05-18,9.0,137.0,9.1
1990,05-19,9.0,138.0,9.4
1990,05-20,9.0,139.0,8.7
1990,05-21,9.0,140.0,5.8
1990,05-22,9.0,141.0,4.5
1990,05-23,9.0,142.0,7.2
1990,05-24,9.0,143.0,10.0
1990,05-25,9.0,144.0,10.5
1990,05-26,9.0,145.0,10.7
1990,05-27,9.0,146.0,8.2
1990,05-28,9.0,147.0,6.1
1990,05-29,9.0,148.0,4.5
1990,05-30,9.0,149.0,6.1
1990,05-31,9.0,150.0,9.8
1990,06-01,9.0,151.0,9.7
1990,06-02,9.0,152.0,8.2
1990,06-03,9.0,153.0,8.4
1990,06-04,9.0,154.0,8.5
1990,06-05,9.0,155.0,10.4
1990,06-06,9.0,156.0,6.8
1990,06-07,9.0,157.0,6.0
1990,06-08,9.0,158.0,6.6
1990,06-09,9.0,159.0,7.8
1990,06-10,9.0,160.0,10.3
1990,06-11,9.0,161.0,7.2
1990,06-12,9.0,162.0,7.4
1990,06-13,9.0,163.0,11.4
1990,06-14,9.0,164.0,5.4
1990,06-15,9.0,165.0,4.4
1990,06-16,9.0,166.0,6.4
1990,06-17,9.0,167.0,9.3
1990,06-18,9.0,168.0,7.7
1990,06-19,9.0,169.0,8.1
1990,06-20,9.0,170.0,8.3
1990,06-21,9.0,171.0,9.1
1990,06-22,9.0,172.0,7.7
1990,06-23,9.0,173.0,10.6
1990,06-24,9.0,174.0,8.2
1990,06-25,9.0,175.0,7.9
1990,06-26,9.0,176.0,5.2
1990,06-27,9.0,177.0,5.9
1990,06-28,9.0,178.0,3.7
1990,06-29,9.0,179.0,5.6
1990,06-30,9.0,180.0,9.4
1990,07-01,9.0,181.0,7.4
1990,07-02,9.0,182.0,7.3
1990,07-03,9.0,183.0,7.7
1990,07-04,9.0,184.0,7.7
1990,07-05,9.0,185.0,9.3
1990,07-06,9.0,186.0,4.4
1990,07-07,9.0,187.0,5.7
1990,07-08,9.0,188.0,10.2
1990,07-09,9.0,189.0,10.2
1990,07-10,9.0,190.0,9.3
1990,07-11,9.0,191.0,5.4
1990,07-12,9.0,192.0,5.0
1990,07-13,9.0,193.0,7.6
1990,07-14,9.0,194.0,9.6
1990,07-15,9.0,195.0,10.4
1990,07-16,9.0,196.0,11.2
1990,07-17,9.0,197.0,9.1
1990,07-18,9.0,198.0,11.2
1990,07-19,9.0,199.0,6.8
1990,07-20,9.0,200.0,8.3
1990,07-21,9.0,201.0,9.7
1990,07-22,9.0,202.0,9.6
1990,07-23,9.0,203.0,9.8
1990,07-24,9.0,204.0,10.8
1990,07-25,9.0,205.0,9.2
1990,07-26,9.0,206.0,6.5
1990,07-27,9.0,207.0,8.1
1990,07-28,9.0,208.0,7.3
1990,07-29,9.0,209.0,7.9
1990,07-30,9.0,210.0,6.0
1990,07-31,9.0,211.0,5.0
1990,08-01,9.0,212.0,6.8
1990,08-02,9.0,213.0,9.8
1990,08-03,9.0,214.0,5.7
1990,08-04,9.0,215.0,8.6
1990,08-05,9.0,216.0,10.6
1990,08-06,9.0,217.0,7.8
1990,08-07,9.0,218.0,7.7
1990,08-08,9.0,219.0,8.6
1990,08-09,9.0,220.0,6.5
1990,08-10,9.0,221.0,6.9
1990,08-11,9.0,222.0,6.4
1990,08-12,9.0,223.0,8.5
1990,08-13,9.0,224.0,7.8
1990,08-14,9.0,225.0,9.3
1990,08-15,9.0,226.0,8.4
1990,08-16,9.0,227.0,7.8
1990,08-17,9.0,228.0,7.4
1990,08-18,9.0,229.0,7.7
1990,08-19,9.0,230.0,8.9
1990,08-20,9.0,231.0,9.7
1990,08-21,9.0,232.0,9.9
1990,08-22,9.0,233.0,6.1
1990,08-23,9.0,234.0,6.6
1990,08-24,9.0,235.0,7.6
1990,08-25,9.0,236.0,7.4
1990,08-26,9.0,237.0,8.0
1990,08-27,9.0,238.0,2.1
1990,08-28,9.0,239.0,5.9
1990,08-29,9.0,240.0,11.6
1990,08-30,9.0,241.0,8.6
1990,08-31,9.0,242.0,7.9
1990,09-01,9.0,243.0,6.0
1990,09-02,9.0,244.0,9.5
1990,09-03,9.0,245.0,8.6
1990,09-04,9.0,246.0,7.6
1990,09-05,9.0,247.0,10.4
1990,09-06,9.0,248.0,10.3
1990,09-07,9.0,249.0,7.5
1990,09-08,9.0,250.0,3.0
1990,09-09,9.0,251.0,5.3
1990,09-10,9.0,252.0,10.5
1990,09-11,9.0,253.0,14.6
1990,09-12,9.0,254.0,12.6
1990,09-13,9.0,255.0,9.8
1990,09-14,9.0,256.0,7.2
1990,09-15,9.0,257.0,10.1
1990,09-16,9.0,258.0,10.4
1990,09-17,9.0,259.0,3.7
1990,09-18,9.0,260.0,7.3
1990,09-19,9.0,261.0,11.6
1990,09-20,9.0,262.0,16.3
1990,09-21,9.0,263.0,9.6
1990,09-22,9.0,264.0,6.8
1990,09-23,9.0,265.0,5.2
1990,09-24,9.0,266.0,10.6
1990,09-25,9.0,267.0,16.3
1990,09-26,9.0,268.0,9.8
1990,09-27,9.0,269.0,4.6
1990,09-28,9.0,270.0,11.1
1990,09-29,9.0,271.0,8.7
1990,09-30,9.0,272.0,10.0
1990,10-01,9.0,273.0,11.3
1990,10-02,9.0,274.0,10.5
1990,10-03,9.0,275.0,9.9
1990,10-04,9.0,276.0,11.0
1990,10-05,9.0,277.0,14.0
1990,10-06,9.0,278.0,9.2
1990,10-07,9.0,279.0,9.8
1990,10-08,9.0,280.0,6.0
1990,10-09,9.0,281.0,9.8
1990,10-10,9.0,282.0,9.2
1990,10-11,9.0,283.0,11.8
1990,10-12,9.0,284.0,10.3
1990,10-13,9.0,285.0,7.5
1990,10-14,9.0,286.0,7.7
1990,10-15,9.0,287.0,15.8
1990,10-16,9.0,288.0,14.6
1990,10-17,9.0,289.0,10.5
1990,10-18,9.0,290.0,11.3
1990,10-19,9.0,291.0,10.9
1990,10-20,9.0,292.0,6.4
1990,10-21,9.0,293.0,10.9
1990,10-22,9.0,294.0,9.0
1990,10-23,9.0,295.0,10.9
1990,10-24,9.0,296.0,12.4
1990,10-25,9.0,297.0,11.6
1990,10-26,9.0,298.0,13.3
1990,10-27,9.0,299.0,14.4
1990,10-28,9.0,300.0,18.4
1990,10-29,9.0,301.0,13.6
1990,10-30,9.0,302.0,14.9
1990,10-31,9.0,303.0,14.8
1990,11-01,9.0,304.0,15.4
1990,11-02,9.0,305.0,11.8
1990,11-03,9.0,306.0,13.0
1990,11-04,9.0,307.0,11.1
1990,11-05,9.0,308.0,12.5
1990,11-06,9.0,309.0,18.3
1990,11-07,9.0,310.0,19.2
1990,11-08,9.0,311.0,15.4
1990,11-09,9.0,312.0,13.1
1990,11-10,9.0,313.0,11.5
1990,11-11,9.0,314.0,8.6
1990,11-12,9.0,315.0,12.6
1990,11-13,9.0,316.0,13.8
1990,11-14,9.0,317.0,14.6
1990,11-15,9.0,318.0,13.2
1990,11-16,9.0,319.0,12.3
1990,11-17,9.0,320.0,8.8
1990,11-18,9.0,321.0,10.7
1990,11-19,9.0,322.0,9.9
1990,11-20,9.0,323.0,8.3
1990,11-21,9.0,324.0,15.0
1990,11-22,9.0,325.0,12.2
1990,11-23,9.0,326.0,10.5
1990,11-24,9.0,327.0,11.1
1990,11-25,9.0,328.0,13.0
1990,11-26,9.0,329.0,12.9
1990,11-27,9.0,330.0,8.8
1990,11-28,9.0,331.0,14.7
1990,11-29,9.0,332.0,14.7
1990,11-30,9.0,333.0,12.7
1990,12-01,9.0,334.0,13.3
1990,12-02,9.0,335.0,13.2
1990,12-03,9.0,336.0,16.2
1990,12-04,9.0,337.0,17.3
1990,12-05,9.0,338.0,20.5
1990,12-06,9.0,339.0,20.2
1990,12-07,9.0,340.0,19.4
1990,12-08,9.0,341.0,15.5
1990,12-09,9.0,342.0,14.1
1990,12-10,9.0,343.0,11.0
1990,12-11,9.0,344.0,11.1
1990,12-12,9.0,345.0,14.0
1990,12-13,9.0,346.0,11.4
1990,12-14,9.0,347.0,12.5
1990,12-15,9.0,348.0,13.4
1990,12-16,9.0,349.0,13.6
1990,12-17,9.0,350.0,13.9
1990,12-18,9.0,351.0,17.2
1990,12-19,9.0,352.0,14.7
1990,12-20,9.0,353.0,15.4
1990,12-21,9.0,354.0,13.1
1990,12-22,9.0,355.0,13.2
1990,12-23,9.0,356.0,13.9
1990,12-24,9.0,357.0,10.0
1990,12-25,9.0,358.0,12.9
1990,12-26,9.0,359.0,14.6
1990,12-27,9.0,360.0,14.0
1990,12-28,9.0,361.0,13.6
1990,12-29,9.0,362.0,13.5
1990,12-30,9.0,363.0,15.7
1990,12-31,9.0,364.0,13.0
